/* MEMBER(회원정보 기본사항테이블) */
CREATE TABLE MEMBER
(
    USER_ID       VARCHAR2(50),
    USER_PW       VARCHAR2(500) NOT NULL,
    USER_NAME     VARCHAR2(30)  NOT NULL,
    USER_NICKNAME VARCHAR2(30)  NOT NULL,
    PHONE         VARCHAR2(30)  NOT NULL,
    BIRTH         DATE          NOT NULL,
    GENDER        CHAR(1)       NOT NULL,
    EMAIL         VARCHAR2(100) NOT NULL,
    ADMIN_CK      CHAR(1) DEFAULT 'N',

    CONSTRAINT PK_USER_ID PRIMARY KEY (USER_ID),
    CONSTRAINT UQ_USER_NN UNIQUE (USER_NICKNAME),
    CONSTRAINT UQ_PHONE UNIQUE (PHONE),
    CONSTRAINT CK_GENDER CHECK (GENDER IN ('M', 'F')),
    CONSTRAINT UQ_EMAIL UNIQUE (EMAIL),
    CONSTRAINT CK_ADMIN CHECK (ADMIN_CK IN ('Y', 'N'))
    /* 관리자인 경우 : Y , 회원인 경우 : N */
);


/* 코멘트 */
COMMENT ON TABLE MEMBER IS '회원정보 기본사항테이블';

COMMENT ON COLUMN MEMBER.USER_ID IS '회원아이디';
COMMENT ON COLUMN MEMBER.USER_PW IS '회원패스워드';
COMMENT ON COLUMN MEMBER.USER_NAME IS '회원이름';
COMMENT ON COLUMN MEMBER.USER_NICKNAME IS '회원닉네임';
COMMENT ON COLUMN MEMBER.PHONE IS '회원전화번호';
COMMENT ON COLUMN MEMBER.BIRTH IS '회원생일';
COMMENT ON COLUMN MEMBER.GENDER IS '회원성별';
COMMENT ON COLUMN MEMBER.EMAIL IS '회원이메일';
COMMENT ON COLUMN MEMBER.ADMIN_CK IS '관리자여부';


/* LOG(로그테이블) */
CREATE TABLE LOG
(
    USER_ID    VARCHAR2(50),
    VISIT_IP   VARCHAR2(20) NOT NULL,
    VISIT_TIME DATE         NOT NULL,

    CONSTRAINT FK_USER_ID FOREIGN KEY (USER_ID) REFERENCES MEMBER
);

/* 코멘트 */
COMMENT ON TABLE LOG IS '로그테이블';

COMMENT ON COLUMN LOG.USER_ID IS '접속자수';
COMMENT ON COLUMN LOG.VISIT_IP IS '아이피주소';
COMMENT ON COLUMN LOG.VISIT_TIME IS '접속시간';


/* BANNER(관리자배너테이블) */
CREATE TABLE BANNER
(
    BANNER_NO             NUMBER,
    USER_ID               VARCHAR2(50)  NOT NULL,
    BANNER_POST_DATE      DATE          NOT NULL,
    BANNER_LAST_POST_DATE DATE          NOT NULL,
    BANNER_TITLE          VARCHAR2(200) NOT NULL,
    BANNER_ITEM           CHAR(1)       NOT NULL,
    BANNER_LINK_ADRRESS   VARCHAR2(200) NOT NULL,
    BANNER_IMG            VARCHAR2(200),

    CONSTRAINT PK_BANNER_NO PRIMARY KEY (BANNER_NO),
    CONSTRAINT FK_BANNER_USER_ID FOREIGN KEY (USER_ID) REFERENCES MEMBER,
    CONSTRAINT CK_BANNER_ITEM CHECK (BANNER_ITEM IN ('Y', 'A'))
);


/* 코멘트 */
COMMENT ON TABLE BANNER IS '관리자배너테이블';

COMMENT ON COLUMN BANNER.BANNER_NO IS '배너번호';
COMMENT ON COLUMN BANNER.USER_ID IS '관리자';
COMMENT ON COLUMN BANNER.BANNER_POST_DATE IS '배너등록일';
COMMENT ON COLUMN BANNER.BANNER_LAST_POST_DATE IS '배너게시종료일';
COMMENT ON COLUMN BANNER.BANNER_TITLE IS '배너제목';
COMMENT ON COLUMN BANNER.BANNER_ITEM IS '배너항목';
COMMENT ON COLUMN BANNER.BANNER_LINK_ADRRESS IS '배너주소';
COMMENT ON COLUMN BANNER.BANNER_IMG IS '배너이미지';


/* QNA(고객센터 1:1문의테이블) */
CREATE TABLE QNA
(
    QNA_NO         NUMBER,
    QNA_TITLE      VARCHAR2(200)  NOT NULL,
    USER_ID        VARCHAR2(50)   NOT NULL,
    QNA_POST_DATE  DATE           NOT NULL,
    QNA_VIEWS      NUMBER  DEFAULT 0,
    QNA_CONTENT    VARCHAR2(4000) NOT NULL,
    QNA_ORIGINFILE VARCHAR2(200),
    QNA_RENAMEFILE VARCHAR2(200),
    QNA_PRIVATE    CHAR(1) DEFAULT 'Y',

    CONSTRAINT PK_QNA_NO PRIMARY KEY (QNA_NO),
    CONSTRAINT FK_QNA_WRITER FOREIGN KEY (USER_ID) REFERENCES MEMBER,
    CONSTRAINT CK_QNA_PRIVATE CHECK (QNA_PRIVATE IN ('Y', 'N'))
);

/* 코멘트 */
COMMENT ON TABLE QNA IS '고객센터 1대1문의테이블';

COMMENT ON COLUMN QNA.QNA_NO IS 'QNA번호';
COMMENT ON COLUMN QNA.QNA_TITLE IS 'QNA제목';
COMMENT ON COLUMN QNA.USER_ID IS 'QNA작성자';
COMMENT ON COLUMN QNA.QNA_POST_DATE IS 'QNA작성일';
COMMENT ON COLUMN QNA.QNA_VIEWS IS 'QNA조회수';
COMMENT ON COLUMN QNA.QNA_CONTENT IS 'QNA내용';
COMMENT ON COLUMN QNA.QNA_ORIGINFILE IS 'QNA답변원본파일';
COMMENT ON COLUMN QNA.QNA_RENAMEFILE IS 'QNA수정파일';
COMMENT ON COLUMN QNA.QNA_PRIVATE IS 'QNA공개여부';


/* QNA_ANSWER(고객센터 1대1문의답변테이블) */
CREATE TABLE QNA_ANSWER
(
    QNA_ANSWER_NO         NUMBER,
    QNA_ANSWER_REF        NUMBER              NOT NULL,
    QNA_ANSWER_TITLE      VARCHAR2(200 BYTE)  NOT NULL,
    USER_ID               VARCHAR2(50 BYTE)   NOT NULL,
    QNA_ANSWER_POST_DATE  DATE                NOT NULL,
    QNA_ANSWER_VIEWS      NUMBER  DEFAULT 0,
    QNA_ANSWER_CONTENT    VARCHAR2(4000 BYTE) NOT NULL,
    QNA_ANSWER_ORIGINFILE VARCHAR2(200 BYTE),
    QNA_ANSWER_RENAMEFILE VARCHAR2(200 BYTE),
    QNA_ANSWER_PRIVATE    CHAR(1) DEFAULT 'Y',

    CONSTRAINT PK_QNA_ANSWER_NO PRIMARY KEY (QNA_ANSWER_NO),
    CONSTRAINT FK_QNA_ANSWER_REF FOREIGN KEY (QNA_ANSWER_REF) REFERENCES QNA (QNA_NO),
    CONSTRAINT FK_QNA_ANSWER_WRITER FOREIGN KEY (USER_ID) REFERENCES MEMBER,
    CONSTRAINT CK_QNA_ANSWER_PRIVATE CHECK (QNA_ANSWER_PRIVATE IN ('Y', 'N'))
);


/* 코멘트 */
COMMENT ON TABLE QNA_ANSWER IS '고객센터 1대1문의답변테이블';

COMMENT ON COLUMN QNA_ANSWER.QNA_ANSWER_NO IS 'QNA답변글번호';
COMMENT ON COLUMN QNA_ANSWER.QNA_ANSWER_REF IS 'QNA참조질문글번호';
COMMENT ON COLUMN QNA_ANSWER.QNA_ANSWER_TITLE IS 'QNA답변글제목';
COMMENT ON COLUMN QNA_ANSWER.USER_ID IS 'QNA답변글관리자';
COMMENT ON COLUMN QNA_ANSWER.QNA_ANSWER_POST_DATE IS 'QNA답변글작성일';
COMMENT ON COLUMN QNA_ANSWER.QNA_ANSWER_VIEWS IS 'QNA답변글조회수';
COMMENT ON COLUMN QNA_ANSWER.QNA_ANSWER_CONTENT IS 'QNA답변글내용';
COMMENT ON COLUMN QNA_ANSWER.QNA_ANSWER_ORIGINFILE IS 'QNA답변원본파일';
COMMENT ON COLUMN QNA_ANSWER.QNA_ANSWER_RENAMEFILE IS 'QNA수정파일';
COMMENT ON COLUMN QNA_ANSWER.QNA_ANSWER_PRIVATE IS 'QNA답변글공개여부';


/* FAQ(고객센터 FAQ테이블) */
CREATE TABLE FAQ
(
    FAQ_NO         NUMBER,
    FAQ_TITLE      VARCHAR2(200 BYTE)  NOT NULL,
    USER_ID        VARCHAR2(50 BYTE)   NOT NULL,
    FAQ_POST_DATE  DATE                NOT NULL,
    FAQ_VIEWS      NUMBER DEFAULT 0,
    FAQ_CONTENT    VARCHAR2(4000 BYTE) NOT NULL,
    FAQ_ORIGINFILE VARCHAR2(200 BYTE),
    FAQ_RENAMEFILE VARCHAR2(200 BYTE),

    CONSTRAINT PK_FAQ_NO PRIMARY KEY (FAQ_NO),
    CONSTRAINT FK_FAQ_WRITER FOREIGN KEY (USER_ID) REFERENCES MEMBER
);


COMMENT ON TABLE FAQ IS '고객센터 FAQ테이블';

COMMENT ON COLUMN FAQ.FAQ_NO IS 'FAQ번호';
COMMENT ON COLUMN FAQ.FAQ_TITLE IS 'FAQ제목';
COMMENT ON COLUMN FAQ.USER_ID IS 'FAQ관리자';
COMMENT ON COLUMN FAQ.FAQ_POST_DATE IS 'FAQ작성일';
COMMENT ON COLUMN FAQ.FAQ_VIEWS IS 'FAQ조회수';
COMMENT ON COLUMN FAQ.FAQ_CONTENT IS 'FAQ내용';
COMMENT ON COLUMN FAQ.FAQ_ORIGINFILE IS 'FAQ원본파일';
COMMENT ON COLUMN FAQ.FAQ_RENAMEFILE IS 'FAQ수정파일';


/* NOTICE(공지사항 테이블) */
CREATE TABLE NOTICE
(
    NOTICE_NO         NUMBER,
    NOTICE_TITLE      VARCHAR2(200 BYTE)  NOT NULL,
    USER_ID           VARCHAR2(50 BYTE)   NOT NULL,
    WRITE_NOTICE_DATE DATE   DEFAULT SYSDATE,
    NOTICE_VIEWS      NUMBER DEFAULT 0,
    NOTICE_CONTENT    VARCHAR2(4000 BYTE) NOT NULL,
    NOTICE_ORIGINFILE VARCHAR2(200 BYTE),
    NOTICE_RENAMEFILE VARCHAR2(200 BYTE),
    NOTICE_INITLINK   VARCHAR2(200 BYTE),

    CONSTRAINT PK_NOTICE_NO PRIMARY KEY (NOTICE_NO),
    CONSTRAINT FK_NOTICE_USER_ID FOREIGN KEY (USER_ID) REFERENCES MEMBER
);

COMMENT ON TABLE NOTICE IS '공지사항 테이블';
COMMENT ON COLUMN NOTICE.NOTICE_NO IS '공지사항글번호';
COMMENT ON COLUMN NOTICE.NOTICE_TITLE IS '공지사항제목';
COMMENT ON COLUMN NOTICE.USER_ID IS '공지사항작성자';
COMMENT ON COLUMN NOTICE.WRITE_NOTICE_DATE IS '공지사항작성일';
COMMENT ON COLUMN NOTICE.NOTICE_VIEWS IS '공지사항조회수';
COMMENT ON COLUMN NOTICE.NOTICE_CONTENT IS '공지사항글내용';
COMMENT ON COLUMN NOTICE.NOTICE_ORIGINFILE IS '공지사항원본파일';
COMMENT ON COLUMN NOTICE.NOTICE_RENAMEFILE IS '공지사항수정파일';
COMMENT ON COLUMN NOTICE.NOTICE_INITLINK IS '공지사항링크';


/* EVENT(이벤트 테이블) */
CREATE TABLE EVENT
(
    EVENT_NO         NUMBER              NOT NULL,
    EVENT_TITLE      VARCHAR2(200 BYTE)  NOT NULL,
    USER_ID          VARCHAR2(50 BYTE)   NOT NULL,
    WRITE_EVENT_DATE DATE   DEFAULT SYSDATE,
    EVENT_VIEWS      NUMBER DEFAULT 0,
    EVENT_CONTENT    VARCHAR2(4000 BYTE) NOT NULL,
    EVENT_ORIGINFILE VARCHAR2(200 BYTE),
    EVENT_RENAMEFILE VARCHAR2(200 BYTE),
    EVENT_INITLINK   VARCHAR2(200 BYTE),

    CONSTRAINT PK_EVENT_NO PRIMARY KEY (EVENT_NO),
    CONSTRAINT FK_EVENT_USER_ID FOREIGN KEY (USER_ID) REFERENCES MEMBER
);

COMMENT ON TABLE EVENT IS '이벤트 테이블';
COMMENT ON COLUMN EVENT.EVENT_NO IS '이벤트글번호';
COMMENT ON COLUMN EVENT.EVENT_TITLE IS '이벤트제목';
COMMENT ON COLUMN EVENT.USER_ID IS '이벤트작성자';
COMMENT ON COLUMN EVENT.WRITE_EVENT_DATE IS '이벤트작성일';
COMMENT ON COLUMN EVENT.EVENT_VIEWS IS '이벤트조회수';
COMMENT ON COLUMN EVENT.EVENT_CONTENT IS '이벤트글내용';
COMMENT ON COLUMN EVENT.EVENT_ORIGINFILE IS '이벤트원본파일';
COMMENT ON COLUMN EVENT.EVENT_RENAMEFILE IS '이벤트수정파일';
COMMENT ON COLUMN EVENT.EVENT_INITLINK IS '이벤트링크';


/* KAKAO(소셜로그인 카카오) */
CREATE TABLE KAKAO
(
    KAKAO_ID     VARCHAR2(100) NOT NULL,
    KAKAO_SECRET VARCHAR2(50)  NOT NULL,
    KAKAO_SCOPE  VARCHAR2(50)  NOT NULL,
    KAKAO_NAME   VARCHAR2(30)  NOT NULL,
    KAKAO_BIRTH  DATE          NOT NULL,
    EMAIL        VARCHAR2(100) NOT NULL,

    CONSTRAINT PK_KAKAO_ID PRIMARY KEY (KAKAO_ID),
    CONSTRAINT FK_KAKAO_EMAIL FOREIGN KEY (EMAIL) REFERENCES MEMBER
);

COMMENT ON TABLE KAKAO IS '소셜로그인 카카오';
COMMENT ON COLUMN KAKAO.KAKAO_ID IS '카카오회원아이디';
COMMENT ON COLUMN KAKAO.KAKAO_SECRET IS '카카오회원시크릿코드';
COMMENT ON COLUMN KAKAO.KAKAO_SCOPE IS '카카오회원스코프';
COMMENT ON COLUMN KAKAO.KAKAO_NAME IS '카카오회원이름';
COMMENT ON COLUMN KAKAO.KAKAO_BIRTH IS '카카오회원생일';
COMMENT ON COLUMN KAKAO.EMAIL IS '회원이메일';


/* NAVER(소셜로그인 네이버) */
CREATE TABLE NAVER
(
    NAVER_ID     VARCHAR2(100) NOT NULL,
    NAVER_SECRET VARCHAR2(50)  NOT NULL,
    NAVER_SCOPE  VARCHAR2(50)  NOT NULL,
    NAVER_NAME   VARCHAR2(30)  NOT NULL,
    NAVER_BIRTH  DATE          NOT NULL,
    EMAIL        VARCHAR2(100) NOT NULL,

    CONSTRAINT PK_NAVER_ID PRIMARY KEY (NAVER_ID),
    CONSTRAINT FK_NAVER_EMAIL FOREIGN KEY (EMAIL) REFERENCES MEMBER
);

COMMENT ON TABLE NAVER IS '소셜로그인 네이버';
COMMENT ON COLUMN NAVER.NAVER_ID IS '네이버회원아이디';
COMMENT ON COLUMN NAVER.NAVER_SECRET IS '네이버회원시크릿코드';
COMMENT ON COLUMN NAVER.NAVER_SCOPE IS '네이버회원스코프';
COMMENT ON COLUMN NAVER.NAVER_NAME IS '네이버회원이름';
COMMENT ON COLUMN NAVER.NAVER_BIRTH IS '네이버회원생일';
COMMENT ON COLUMN NAVER.EMAIL IS '회원이메일';


/* GOOGLE(소셜로그인 구글)) */
CREATE TABLE GOOGLE
(
    GOOGLE_ID     VARCHAR2(100) NOT NULL,
    GOOGLE_SECRET VARCHAR2(50)  NOT NULL,
    GOOGLE_SCOPE  VARCHAR2(50)  NOT NULL,
    GOOGLE_NAME   VARCHAR2(30)  NOT NULL,
    GOOGLE_BIRTH  DATE          NOT NULL,
    EMAIL         VARCHAR2(100) NOT NULL,

    CONSTRAINT PK_GOOGLE_ID PRIMARY KEY (GOOGLE_ID),
    CONSTRAINT FK_GOOGLE_EMAIL FOREIGN KEY (EMAIL) REFERENCES MEMBER
);

COMMENT ON TABLE GOOGLE IS '소셜로그인 구글';
COMMENT ON COLUMN GOOGLE.GOOGLE_ID IS '구글회원아이디';
COMMENT ON COLUMN GOOGLE.GOOGLE_SECRET IS '구글회원시크릿코드';
COMMENT ON COLUMN GOOGLE.GOOGLE_SCOPE IS '구글회원스코프';
COMMENT ON COLUMN GOOGLE.GOOGLE_NAME IS '구글회원이름';
COMMENT ON COLUMN GOOGLE.GOOGLE_BIRTH IS '구글회원생일';
COMMENT ON COLUMN GOOGLE.EMAIL IS '회원이메일';



-- /* BOARD(관리자게시글테이블) */
-- CREATE TABLE BOARD
-- (
--     BOARD_NO NUMBER NOT NULL,
--     BOARD_TITLE VARCHAR2(200 BYTE) NOT NULL,
--     USER_ID VARCHAR2(50 BYTE) NOT NULL,
--     BOARD_POST_DATE DATE ,
--     BOARD_VIEWS NUMBER,
--     BOARD_ITEM CHAR(1) NOT NULL,

--     CONSTRAINT PK_BOARD_NO PRIMARY KEY (BOARD_NO),
--     CONSTRAINT FK_BOARD_WRITER FOREIGN KEY (USER_ID) REFERENCES MEMBER,
--     CONSTRAINT CK_BOARD_ITEM CHECK (BOARD_ITEM IN ('T', 'F', 'B', 'E'))
-- );

-- COMMENT ON TABLE BOARD IS '관리자게시글테이블';
-- COMMENT ON COLUMN BOARD.BOARD_NO IS '관리자게시글번호';
-- COMMENT ON COLUMN BOARD.BOARD_TITLE IS '관리자게시글제목';
-- COMMENT ON COLUMN BOARD.USER_ID IS '관리자게시물작성자';
-- COMMENT ON COLUMN BOARD.BOARD_POST_DATE IS '관리자게시물등록일';
-- COMMENT ON COLUMN BOARD.BOARD_VIEWS IS '관리자게시물조회수';
-- COMMENT ON COLUMN BOARD.BOARD_ITEM IS '관리자게시물항목';


/* ------------------------------------------------------------- */

/* 시퀀스 */

CREATE SEQUENCE SEQ_BANNER
    START WITH 1
    INCREMENT BY 1
    MINVALUE 1
    NOMAXVALUE
    NOCYCLE
    NOCACHE;


CREATE SEQUENCE SEQ_QNA
    START WITH 1
    INCREMENT BY 1
    MINVALUE 1
    NOMAXVALUE
    NOCYCLE
    NOCACHE;

CREATE SEQUENCE SEQ_QNA_ANSWER
    START WITH 1
    INCREMENT BY 1
    MINVALUE 1
    NOMAXVALUE
    NOCYCLE
    NOCACHE;


CREATE SEQUENCE SEQ_FAQ
    START WITH 1
    INCREMENT BY 1
    MINVALUE 1
    NOMAXVALUE
    NOCYCLE
    NOCACHE;


CREATE SEQUENCE SEQ_NOTICE
    START WITH 1
    INCREMENT BY 1
    MINVALUE 1
    NOMAXVALUE
    NOCYCLE
    NOCACHE;


CREATE SEQUENCE SEQ_EVENT
    START WITH 1
    INCREMENT BY 1
    MINVALUE 1
    NOMAXVALUE
    NOCYCLE
    NOCACHE;


-- CREATE SEQUENCE SEQ_BOARD
--     START WITH 1
--     INCREMENT BY 1
--     MINVALUE 1
--     NOMAXVALUE
--     NOCYCLE
--     NOCACHE;


/* -------------------------------------- */


/* Member & Admin 샘플데이터 */

insert into MEMBER
values ('ADMIN', 'ADMIN', '김철수', '관리자01', '01030230530', '1995/06/21', 'M', 'ADMIN@ca.gov', 'Y');
insert into MEMBER
values ('ADMIN02', 'ADMIN02', '박나래', '관리자02', '01030230531', '1988/10/18', 'F', 'admin02@ca.gov', 'Y');
insert into MEMBER
values ('ADMIN03', 'ADMIN03', '강호동', '관리자03', '01030230532', '1975/12/15', 'M', 'admin03@ca.gov', 'Y');
insert into MEMBER
values ('ADMIN04', 'ADMIN04', '공효진', '관리자04', '01030230533', '1997/06/21', 'F', 'admin04@ca.gov', 'Y');
insert into MEMBER
values ('ADMIN05', 'ADMIN05', '조세호', '관리자05', '01030230534', '1993/08/21', 'M', 'admin05@ca.gov', 'Y');

insert into MEMBER
values ('USER01', 'PASS01', '김성훈', 'wbeardsdale1', '01021313080', '1955/10/18', 'M', 'wdensham1@twitter.com', 'N');
insert into MEMBER
values ('USER02', 'PASS02', '이여진', 'bbohan2', '01056074147', '1955/12/15', 'F', 'bjinkinson2@163.com', 'N');
insert into MEMBER
values ('USER03', 'PASS03', '고준', 'hquadrio3', '01011999101', '1988/01/09', 'M', 'hmackellar3@ca.gov', 'N');
insert into MEMBER
values ('USER04', 'PASS04', '안성기', 'hland4', '01095451978', '1979/05/25', 'M', 'hroylance4@house.gov', 'N');
insert into MEMBER
values ('USER05', 'PASS05', '박중훈', 'jkleen5', '01040667908', '1992/11/27', 'M', 'jhowlings5@paginegialle.it', 'N');
insert into MEMBER
values ('USER06', 'PASS06', '안예진', 'ntarr6', '01077336769', '2000/09/09', 'F', 'nlidgley6@nps.gov', 'N');
insert into MEMBER
values ('USER07', 'PASS07', '박성웅', 'dpardew7', '01084954821', '2001/07/24', 'M', 'dbettley7@wunderground.com', 'N');
insert into MEMBER
values ('USER08', 'PASS08', '김명민', 'bbottlestone8', '01000369855', '1994/04/27', 'M', 'bburfield8@indiegogo.com', 'N');
insert into MEMBER
values ('USER09', 'PASS09', '최민식', 'omcnee9', '01056323011', '1990/03/17', 'M', 'operri9@techcrunch.com', 'N');
insert into MEMBER
values ('USER10', 'PASS10', '강하늘', 'wbeardsdale3', '01021383080', '1985/10/18', 'M', 'wbeardsdale3@twitter.com', 'N');
insert into MEMBER
values ('USER11', 'PASS11', '손예진', 'bbohan4', '01056374147', '1975/12/15', 'F', 'bbohan4@163.com', 'N');
insert into MEMBER
values ('USER12', 'PASS12', '최창민', 'hquadrio5', '01091999101', '1988/01/29', 'M', 'hquadrio5@ca.gov', 'N');
insert into MEMBER
values ('USER13', 'PASS13', '문소리', 'hland6', '01095451998', '1979/05/15', 'F', 'hland6@house.gov', 'N');
insert into MEMBER
values ('USER14', 'PASS14', '김사랑', 'jkleen7', '01049667908', '1992/11/27', 'F', 'jkleen7@paginegialle.it', 'N');
insert into MEMBER
values ('USER15', 'PASS15', '최예솔', 'ntarr3', '01077339769', '2010/09/09', 'F', 'ntarr3@nps.gov', 'N');
insert into MEMBER
values ('USER16', 'PASS16', '강경아', 'dpardew0', '01084959821', '2001/07/14', 'F', 'dpardew0@wunderground.com', 'N');
insert into MEMBER
values ('USER17', 'PASS17', '조정인', 'bbottlestone22', '01009369855', '1994/04/17', 'F', 'bbottlestone22@indiegogo.com',
        'N');
insert into MEMBER
values ('USER18', 'PASS18', '이지연', 'omcnee91', '01056323911', '1992/03/17', 'F', 'omcnee91@techcrunch.com', 'N');
insert into MEMBER
values ('USER19', 'PASS19', '이지아', 'estone22', '01022369855', '1994/08/17', 'F', 'estone22@indiegogo.com', 'N');
insert into MEMBER
values ('USER20', 'PASS20', '김다미', 'neea', '01058323981', '1992/03/22', 'F', 'neea@techcrunch.com', 'N');

/*로그*/
insert into LOG
values ('USER01', '32.230.243.209/27', SYSDATE);
insert into LOG
values ('USER02', '156.39.180.254/15', SYSDATE);
insert into LOG
values ('USER03', '205.160.3.35/21', SYSDATE);
insert into LOG
values ('USER04', '149.179.81.57/16', SYSDATE);
insert into LOG
values ('USER05', '91.244.207.166/22', SYSDATE);
insert into LOG
values ('USER06', '241.203.160.77/16', SYSDATE);
insert into LOG
values ('USER07', '129.199.216.150/12', SYSDATE);
insert into LOG
values ('USER08', '23.207.176.199/24', SYSDATE);
insert into LOG
values ('USER09', '22.139.51.202/13', SYSDATE);
insert into LOG
values ('USER10', '37.57.179.70/2', SYSDATE);

/*배너*/
insert into BANNER
values (SEQ_BANNER.NEXTVAL, 'ADMIN', SYSDATE, SYSDATE + 30, '유튜브1', 'Y', 'com.engadget.Zontrax',
        'http://dummyimage.com/141x.png');
insert into BANNER
values (SEQ_BANNER.NEXTVAL, 'ADMIN02', SYSDATE, SYSDATE + 30, '기사1', 'A', 'com.reddit.Aerified',
        'http://dummyimage.com/147x.png');
insert into BANNER
values (SEQ_BANNER.NEXTVAL, 'ADMIN03', SYSDATE, SYSDATE + 30, '기사2', 'A', 'com.netscape.Namfix',
        'http://dummyimage.com/124x.png');
insert into BANNER
values (SEQ_BANNER.NEXTVAL, 'ADMIN04', SYSDATE, SYSDATE + 30, '기사3', 'A', 'com.cdbaby.Konklux',
        'http://dummyimage.com/142x.png');
insert into BANNER
values (SEQ_BANNER.NEXTVAL, 'ADMIN05', SYSDATE, SYSDATE + 30, '유튜브2', 'Y', 'jp.co.yahoo.Tresom',
        'http://dummyimage.com/150x.png');
insert into BANNER
values (SEQ_BANNER.NEXTVAL, 'ADMIN', SYSDATE, SYSDATE + 30, '기사4', 'A', 'com.elegantthemes.Home Ing',
        'http://dummyimage.com/121x.png');
insert into BANNER
values (SEQ_BANNER.NEXTVAL, 'ADMIN02', SYSDATE, SYSDATE + 30, '기사5', 'A', 'com.foxnews.Duobam',
        'http://dummyimage.com/173x.png');
insert into BANNER
values (SEQ_BANNER.NEXTVAL, 'ADMIN03', SYSDATE, SYSDATE + 30, '유튜브3', 'Y', 'com.ycombinator.Zoolab',
        'http://dummyimage.com/200x.png');
insert into BANNER
values (SEQ_BANNER.NEXTVAL, 'ADMIN04', SYSDATE, SYSDATE + 30, '유튜브4', 'Y', 'org.gnu.Alphazap',
        'http://dummyimage.com/154x.png');
insert into BANNER
values (SEQ_BANNER.NEXTVAL, 'ADMIN05', SYSDATE, SYSDATE + 30, '유튜브5', 'Y', 'com.intel.Job',
        'http://dummyimage.com/125x.png');


/*QNA*/

insert into QNA
values (SEQ_QNA.NEXTVAL, '테스트 QNA 게시글 1', 'USER01', SYSDATE, 0, 'Short-nosed bandicoot', NULL, NULL, 'Y');
insert into QNA
values (SEQ_QNA.NEXTVAL, '테스트 QNA 게시글 2', 'USER02', SYSDATE, 0, 'Iguana, marine', NULL, NULL, 'N');
insert into QNA
values (SEQ_QNA.NEXTVAL, '테스트 QNA 게시글 3', 'USER03', SYSDATE, 0, 'Cat, long-tailed spotted', NULL, NULL, 'Y');
insert into QNA
values (SEQ_QNA.NEXTVAL, '테스트 QNA 게시글 4', 'USER04', SYSDATE, 0, 'Curlew, black', NULL, NULL, 'Y');
insert into QNA
values (SEQ_QNA.NEXTVAL, '테스트 QNA 게시글 5', 'USER05', SYSDATE, 0, 'Buttermilk snake', NULL, NULL, 'Y');
insert into QNA
values (SEQ_QNA.NEXTVAL, '테스트 QNA 게시글 6', 'USER06', SYSDATE, 0, 'Yellow-rumped siskin', NULL, NULL, 'Y');
insert into QNA
values (SEQ_QNA.NEXTVAL, '테스트 QNA 게시글 7', 'USER07', SYSDATE, 0, 'Kangaroo, eastern grey', NULL, NULL, 'N');
insert into QNA
values (SEQ_QNA.NEXTVAL, '테스트 QNA 게시글 8', 'USER08', SYSDATE, 0, 'Bird, pied butcher', NULL, NULL, 'Y');
insert into QNA
values (SEQ_QNA.NEXTVAL, '테스트 QNA 게시글 9', 'USER09', SYSDATE, 0, 'Tortoise, indian star', NULL, NULL, 'N');
insert into QNA
values (SEQ_QNA.NEXTVAL, '테스트 QNA 게시글 10', 'USER10', SYSDATE, 0, 'Chestnut weaver', NULL, NULL, 'Y');


/*QNA답변*/
insert into QNA_ANSWER
values (SEQ_QNA_ANSWER.NEXTVAL, 1, '테스트 QNA 답변글 1', 'ADMIN', SYSDATE, 0, 'Short-nosed bandicoot', NULL, NULL, 'Y');
insert into QNA_ANSWER
values (SEQ_QNA_ANSWER.NEXTVAL, 2, '테스트 QNA 답변글 2', 'ADMIN02', SYSDATE, 0, 'Iguana, marine', NULL, NULL, 'N');
insert into QNA_ANSWER
values (SEQ_QNA_ANSWER.NEXTVAL, 3, '테스트 QNA 답변글 3', 'ADMIN03', SYSDATE, 0, 'Cat, long-tailed spotted', NULL, NULL, 'Y');
insert into QNA_ANSWER
values (SEQ_QNA_ANSWER.NEXTVAL, 4, '테스트 QNA 답변글 4', 'ADMIN04', SYSDATE, 0, 'Curlew, black', NULL, NULL, 'Y');
insert into QNA_ANSWER
values (SEQ_QNA_ANSWER.NEXTVAL, 5, '테스트 QNA 답변글 5', 'ADMIN05', SYSDATE, 0, 'Buttermilk snake', NULL, NULL, 'Y');
insert into QNA_ANSWER
values (SEQ_QNA_ANSWER.NEXTVAL, 6, '테스트 QNA 답변글 6', 'ADMIN', SYSDATE, 0, 'Yellow-rumped siskin', NULL, NULL, 'Y');
insert into QNA_ANSWER
values (SEQ_QNA_ANSWER.NEXTVAL, 7, '테스트 QNA 답변글 7', 'ADMIN02', SYSDATE, 0, 'Kangaroo, eastern grey', NULL, NULL, 'N');
insert into QNA_ANSWER
values (SEQ_QNA_ANSWER.NEXTVAL, 8, '테스트 QNA 답변글 8', 'ADMIN03', SYSDATE, 0, 'Bird, pied butcher', NULL, NULL, 'Y');
insert into QNA_ANSWER
values (SEQ_QNA_ANSWER.NEXTVAL, 9, '테스트 QNA 답변글 9', 'ADMIN04', SYSDATE, 0, 'Tortoise, indian star', NULL, NULL, 'N');
insert into QNA_ANSWER
values (SEQ_QNA_ANSWER.NEXTVAL, 10, '테스트 QNA 답변글 10', 'ADMIN05', SYSDATE, 0, 'Chestnut weaver', NULL, NULL, 'Y');

/*FAQ*/
insert into FAQ
values (SEQ_FAQ.NEXTVAL, '테스트 FAQ 게시글 1', 'ADMIN', SYSDATE, 0, 'Short-nosed bandicoot', NULL, NULL);
insert into FAQ
values (SEQ_FAQ.NEXTVAL, '테스트 FAQ 게시글 2', 'ADMIN02', SYSDATE, 0, 'Iguana, marine', NULL, NULL);
insert into FAQ
values (SEQ_FAQ.NEXTVAL, '테스트 FAQ 게시글 3', 'ADMIN03', SYSDATE, 0, 'Cat, long-tailed spotted', NULL, NULL);
insert into FAQ
values (SEQ_FAQ.NEXTVAL, '테스트 FAQ 게시글 4', 'ADMIN04', SYSDATE, 0, 'Curlew, black', NULL, NULL);
insert into FAQ
values (SEQ_FAQ.NEXTVAL, '테스트 FAQ 게시글 5', 'ADMIN05', SYSDATE, 0, 'Buttermilk snake', NULL, NULL);
insert into FAQ
values (SEQ_FAQ.NEXTVAL, '테스트 FAQ 게시글 6', 'ADMIN', SYSDATE, 0, 'Yellow-rumped siskin', NULL, NULL);
insert into FAQ
values (SEQ_FAQ.NEXTVAL, '테스트 FAQ 게시글 7', 'ADMIN02', SYSDATE, 0, 'Kangaroo, eastern grey', NULL, NULL);
insert into FAQ
values (SEQ_FAQ.NEXTVAL, '테스트 FAQ 게시글 8', 'ADMIN03', SYSDATE, 0, 'Bird, pied butcher', NULL, NULL);
insert into FAQ
values (SEQ_FAQ.NEXTVAL, '테스트 FAQ 게시글 9', 'ADMIN04', SYSDATE, 0, 'Tortoise, indian star', NULL, NULL);
insert into FAQ
values (SEQ_FAQ.NEXTVAL, '테스트 FAQ 게시글 10', 'ADMIN05', SYSDATE, 0, 'Chestnut weaver', NULL, NULL);

INSERT INTO NOTICE
VALUES (SEQ_NOTICE.NEXTVAL, '테스트 공지 게시글 1', 'ADMIN', SYSDATE, DEFAULT, '테스트1 공지 게시글 내용입니다.', null, null, null);
INSERT INTO NOTICE
VALUES (SEQ_NOTICE.NEXTVAL, '테스트 공지 게시글 2', 'ADMIN02', SYSDATE, DEFAULT, '테스트2 공지 게시글 내용입니다.', null, null, null);
INSERT INTO NOTICE
VALUES (SEQ_NOTICE.NEXTVAL, '테스트 공지 게시글 3', 'ADMIN03', SYSDATE, DEFAULT, '테스트3 공지 게시글 내용입니다.', null, null, null);
INSERT INTO NOTICE
VALUES (SEQ_NOTICE.NEXTVAL, '테스트 공지 게시글 4', 'ADMIN04', SYSDATE, DEFAULT, '테스트4 공지 게시글 내용입니다.', null, null, null);
INSERT INTO NOTICE
VALUES (SEQ_NOTICE.NEXTVAL, '테스트 공지 게시글 5', 'ADMIN05', SYSDATE, DEFAULT, '테스트5 공지 게시글 내용입니다.', null, null, null);
INSERT INTO NOTICE
VALUES (SEQ_NOTICE.NEXTVAL, '테스트 공지 게시글 6', 'ADMIN', SYSDATE, DEFAULT, '테스트6 공지 게시글 내용입니다.', null, null, null);
INSERT INTO NOTICE
VALUES (SEQ_NOTICE.NEXTVAL, '테스트 공지 게시글 7', 'ADMIN02', SYSDATE, DEFAULT, '테스트7 공지 게시글 내용입니다.', null, null, null);
INSERT INTO NOTICE
VALUES (SEQ_NOTICE.NEXTVAL, '테스트 공지 게시글 8', 'ADMIN03', SYSDATE, DEFAULT, '테스트8 공지 게시글 내용입니다.', null, null, null);
INSERT INTO NOTICE
VALUES (SEQ_NOTICE.NEXTVAL, '테스트 공지 게시글 9', 'ADMIN04', SYSDATE, DEFAULT, '테스트9 공지 게시글 내용입니다.', null, null, null);
INSERT INTO NOTICE
VALUES (SEQ_NOTICE.NEXTVAL, '테스트 공지 게시글 10', 'ADMIN05', SYSDATE, DEFAULT, '테스트10 공지 게시글 내용입니다.', null, null, null);



INSERT INTO EVENT
VALUES (SEQ_EVENT.NEXTVAL, '테스트 이벤트 게시글 1', 'ADMIN', DEFAULT, DEFAULT, '테스트1 이벤트 게시글 내용입니다.', null, null, null);
INSERT INTO EVENT
VALUES (SEQ_EVENT.NEXTVAL, '테스트 이벤트 게시글 2', 'ADMIN02', DEFAULT, DEFAULT, '테스트2 이벤트 게시글 내용입니다.', null, null, null);
INSERT INTO EVENT
VALUES (SEQ_EVENT.NEXTVAL, '테스트 이벤트 게시글 3', 'ADMIN03', DEFAULT, DEFAULT, '테스트3 이벤트 게시글 내용입니다.', null, null, null);
INSERT INTO EVENT
VALUES (SEQ_EVENT.NEXTVAL, '테스트 이벤트 게시글 4', 'ADMIN04', DEFAULT, DEFAULT, '테스트4 이벤트 게시글 내용입니다.', null, null, null);
INSERT INTO EVENT
VALUES (SEQ_EVENT.NEXTVAL, '테스트 이벤트 게시글 5', 'ADMIN05', DEFAULT, DEFAULT, '테스트5 이벤트 게시글 내용입니다.', null, null, null);
INSERT INTO EVENT
VALUES (SEQ_EVENT.NEXTVAL, '테스트 이벤트 게시글 6', 'ADMIN', DEFAULT, DEFAULT, '테스트6 이벤트 게시글 내용입니다.', null, null, null);
INSERT INTO EVENT
VALUES (SEQ_EVENT.NEXTVAL, '테스트 이벤트 게시글 7', 'ADMIN02', DEFAULT, DEFAULT, '테스트7 이벤트 게시글 내용입니다.', null, null, null);
INSERT INTO EVENT
VALUES (SEQ_EVENT.NEXTVAL, '테스트 이벤트 게시글 8', 'ADMIN03', DEFAULT, DEFAULT, '테스트8 이벤트 게시글 내용입니다.', null, null, null);
INSERT INTO EVENT
VALUES (SEQ_EVENT.NEXTVAL, '테스트 이벤트 게시글 9', 'ADMIN04', DEFAULT, DEFAULT, '테스트9 이벤트 게시글 내용입니다.', null, null, null);
INSERT INTO EVENT
VALUES (SEQ_EVENT.NEXTVAL, '테스트 이벤트 게시글 10', 'ADMIN05', DEFAULT, DEFAULT, '테스트10 이벤트 게시글 내용입니다.', null, null, null);

CREATE TABLE FREE(
    FREE_NO NUMBER,
    FREE_NAME VARCHAR2(200 BYTE) NOT NULL,
    USER_ID VARCHAR2(50 BYTE) NOT NULL,
    WRITE_FREE_DATE DATE DEFAULT SYSDATE,
    CLICK_FREE_NO NUMBER DEFAULT 0,
    FREE_VALUE VARCHAR2(4000 BYTE) NOT NULL,
    ORIGINFILE_FREE VARCHAR2(200 BYTE),
    RENAMEFILE_FREE VARCHAR2(200 BYTE),
    FREE_REF NUMBER,
    FREE_REPLY_REF NUMBER DEFAULT 0,
    FREE_REPLY_LEV NUMBER DEFAULT 1,
    FREE_REPLY_SEQ NUMBER DEFAULT 0,
    FREE_LIKE_NO NUMBER DEFAULT 0,
    
    CONSTRAINT PK_FREE_NO PRIMARY KEY(FREE_NO)
);

CREATE SEQUENCE SEQ_FREE
   START WITH 1
   INCREMENT BY 1
   MINVALUE 1
   NOMAXVALUE
   NOCYCLE
   NOCACHE;

ALTER TABLE FREE
ADD CONSTRAINT FK_FREE_WRITER FOREIGN KEY(USER_ID)
REFERENCES MEMBER;

CREATE TABLE LIKE_FREE(
    USER_ID VARCHAR2(30) NOT NULL,
    FREE_NO NUMBER NOT NULL,
    CONSTRAINT PK_FREE_LIKE PRIMARY KEY(USER_ID, FREE_NO)
);



CREATE TABLE TIP(
    TIP_NO NUMBER,
    TIP_NAME VARCHAR2(200 BYTE) NOT NULL,
    USER_ID VARCHAR2(50 BYTE) NOT NULL,
    WRITE_TIP_DATE DATE DEFAULT SYSDATE,
    CLICK_TIP_NO NUMBER DEFAULT 0,
    TIP_VALUE VARCHAR2(4000 BYTE) NOT NULL,
    ORIGINFILE_TIP VARCHAR2(200 BYTE),
    RENAMEFILE_TIP VARCHAR2(200 BYTE),
    TIP_REF NUMBER,
    TIP_REPLY_REF NUMBER DEFAULT 0,
    TIP_REPLY_LEV NUMBER DEFAULT 1,
    TIP_REPLY_SEQ NUMBER DEFAULT 0,
    TIP_LIKE_NO NUMBER DEFAULT 0,
    
    CONSTRAINT PK_TIP_NO PRIMARY KEY(TIP_NO)
);

CREATE SEQUENCE SEQ_TIP
   START WITH 1
   INCREMENT BY 1
   MINVALUE 1
   NOMAXVALUE
   NOCYCLE
   NOCACHE;

ALTER TABLE TIP
ADD CONSTRAINT FK_TIP_WRITER FOREIGN KEY(USER_ID)
REFERENCES MEMBER;

CREATE TABLE LIKE_TIP(
    USER_ID VARCHAR2(30) NOT NULL,
    TIP_NO NUMBER NOT NULL,
    CONSTRAINT PK_TIP_LIKE PRIMARY KEY(USER_ID, TIP_NO)
);



CREATE TABLE EYEBODY(
    EYEBODY_NO NUMBER,
    EYEBODY_NAME VARCHAR2(200 BYTE) NOT NULL,
    USER_ID VARCHAR2(50 BYTE) NOT NULL,
    WRITE_EYEBODY_DATE DATE DEFAULT SYSDATE,
    CLICK_EYEBODY_NO NUMBER DEFAULT 0,
    EYEBODY_VALUE VARCHAR2(4000 BYTE) NOT NULL,
    ORIGINFILE_EYEBODY VARCHAR2(200 BYTE),
    RENAMEFILE_EYEBODY VARCHAR2(200 BYTE),
    EYEBODY_REF NUMBER,
    EYEBODY_REPLY_REF NUMBER DEFAULT 0,
    EYEBODY_REPLY_LEV NUMBER DEFAULT 1,
    EYEBODY_REPLY_SEQ NUMBER DEFAULT 0,
    EYEBODY_LIKE_NO NUMBER DEFAULT 0,
    
    CONSTRAINT PK_EYEBODY_NO PRIMARY KEY(EYEBODY_NO)
);

CREATE SEQUENCE SEQ_EYEBODY
   START WITH 1
   INCREMENT BY 1
   MINVALUE 1
   NOMAXVALUE
   NOCYCLE
   NOCACHE;

ALTER TABLE EYEBODY
ADD CONSTRAINT FK_EYEBODY_WRITER FOREIGN KEY(USER_ID)
REFERENCES MEMBER;

CREATE TABLE LIKE_EYEBODY(
    USER_ID VARCHAR2(30) NOT NULL,
    EYEBODY_NO NUMBER NOT NULL,
    CONSTRAINT PK_EYEBODY_LIKE PRIMARY KEY(USER_ID, EYEBODY_NO)
);



CREATE TABLE BFAF(
    BFAF_NO NUMBER,
    BFAF_NAME VARCHAR2(200 BYTE) NOT NULL,
    USER_ID VARCHAR2(50 BYTE) NOT NULL,
    WRITE_BFAF_DATE DATE DEFAULT SYSDATE,
    CLICK_BFAF_NO NUMBER DEFAULT 0,
    BFAF_VALUE VARCHAR2(4000 BYTE) NOT NULL,
    ORIGINFILE_BFAF VARCHAR2(200 BYTE),
    RENAMEFILE_BFAF VARCHAR2(200 BYTE),
    BFAF_REF NUMBER,
    BFAF_REPLY_REF NUMBER DEFAULT 0,
    BFAF_REPLY_LEV NUMBER DEFAULT 1,
    BFAF_REPLY_SEQ NUMBER DEFAULT 0,
    BFAF_LIKE_NO NUMBER DEFAULT 0,
    
    CONSTRAINT PK_BFAF_NO PRIMARY KEY(BFAF_NO)
);

CREATE SEQUENCE SEQ_BFAF
   START WITH 1
   INCREMENT BY 1
   MINVALUE 1
   NOMAXVALUE
   NOCYCLE
   NOCACHE;

ALTER TABLE BFAF
ADD CONSTRAINT FK_BFAF_WRITER FOREIGN KEY(USER_ID)
REFERENCES MEMBER;

CREATE TABLE LIKE_BFAF(
    USER_ID VARCHAR2(30) NOT NULL,
    BFAF_NO NUMBER NOT NULL,
    CONSTRAINT PK_BFAF_LIKE PRIMARY KEY(USER_ID, BFAF_NO)
);



COMMENT ON TABLE FREE IS '자유게시판 테이블';
COMMENT ON COLUMN FREE.FREE_NO IS '글번호';
COMMENT ON COLUMN FREE.FREE_NAME IS '제목';
COMMENT ON COLUMN FREE.USER_ID IS '작성자';
COMMENT ON COLUMN FREE.WRITE_FREE_DATE IS '작성일';
COMMENT ON COLUMN FREE.CLICK_FREE_NO IS '조회수';
COMMENT ON COLUMN FREE.FREE_VALUE IS '글내용';
COMMENT ON COLUMN FREE.ORIGINFILE_FREE IS '파일원본이름';
COMMENT ON COLUMN FREE.RENAMEFILE_FREE IS '파일수정이름';
COMMENT ON COLUMN FREE.FREE_REF IS '원글 번호';
COMMENT ON COLUMN FREE.FREE_REPLY_REF IS '댓글 번호';
COMMENT ON COLUMN FREE.FREE_REPLY_LEV IS '댓글 단계';
COMMENT ON COLUMN FREE.FREE_REPLY_SEQ IS '댓글 순번';
COMMENT ON COLUMN FREE.FREE_LIKE_NO IS '좋아요수';

COMMENT ON TABLE LIKE_FREE IS '자유게시판 좋아요 체크 테이블';
COMMENT ON COLUMN LIKE_FREE.USER_ID IS '글번호';
COMMENT ON COLUMN LIKE_FREE.FREE_NO IS '제목';

COMMENT ON TABLE TIP IS '팁게시판 테이블';
COMMENT ON COLUMN TIP.TIP_NO IS '글번호';
COMMENT ON COLUMN TIP.TIP_NAME IS '제목';
COMMENT ON COLUMN TIP.USER_ID IS '작성자';
COMMENT ON COLUMN TIP.WRITE_TIP_DATE IS '작성일';
COMMENT ON COLUMN TIP.CLICK_TIP_NO IS '조회수';
COMMENT ON COLUMN TIP.TIP_VALUE IS '글내용';
COMMENT ON COLUMN TIP.ORIGINFILE_TIP IS '파일원본이름';
COMMENT ON COLUMN TIP.RENAMEFILE_TIP IS '파일수정이름';
COMMENT ON COLUMN TIP.TIP_REF IS '원글 번호';
COMMENT ON COLUMN TIP.TIP_REPLY_REF IS '댓글 번호';
COMMENT ON COLUMN TIP.TIP_REPLY_LEV IS '댓글 단계';
COMMENT ON COLUMN TIP.TIP_REPLY_SEQ IS '댓글 순번';
COMMENT ON COLUMN TIP.TIP_LIKE_NO IS '좋아요수';

COMMENT ON TABLE LIKE_TIP IS '팁게시판 좋아요 체크 테이블';
COMMENT ON COLUMN LIKE_TIP.USER_ID IS '글번호';
COMMENT ON COLUMN LIKE_TIP.TIP_NO IS '제목';

COMMENT ON TABLE EYEBODY IS '눈바디게시판 테이블';
COMMENT ON COLUMN EYEBODY.EYEBODY_NO IS '글번호';
COMMENT ON COLUMN EYEBODY.EYEBODY_NAME IS '제목';
COMMENT ON COLUMN EYEBODY.USER_ID IS '작성자';
COMMENT ON COLUMN EYEBODY.WRITE_EYEBODY_DATE IS '작성일';
COMMENT ON COLUMN EYEBODY.CLICK_EYEBODY_NO IS '조회수';
COMMENT ON COLUMN EYEBODY.EYEBODY_VALUE IS '글내용';
COMMENT ON COLUMN EYEBODY.ORIGINFILE_EYEBODY IS '파일원본이름';
COMMENT ON COLUMN EYEBODY.RENAMEFILE_EYEBODY IS '파일수정이름';
COMMENT ON COLUMN EYEBODY.EYEBODY_REF IS '원글 번호';
COMMENT ON COLUMN EYEBODY.EYEBODY_REPLY_REF IS '댓글 번호';
COMMENT ON COLUMN EYEBODY.EYEBODY_REPLY_LEV IS '댓글 단계';
COMMENT ON COLUMN EYEBODY.EYEBODY_REPLY_SEQ IS '댓글 순번';
COMMENT ON COLUMN EYEBODY.EYEBODY_LIKE_NO IS '좋아요수';

COMMENT ON TABLE LIKE_EYEBODY IS '눈바디게시판 좋아요 체크 테이블';
COMMENT ON COLUMN LIKE_EYEBODY.USER_ID IS '글번호';
COMMENT ON COLUMN LIKE_EYEBODY.EYEBODY_NO IS '제목';

COMMENT ON TABLE BFAF IS 'before/after 게시판 테이블';
COMMENT ON COLUMN BFAF.BFAF_NO IS '글번호';
COMMENT ON COLUMN BFAF.BFAF_NAME IS '제목';
COMMENT ON COLUMN BFAF.USER_ID IS '작성자';
COMMENT ON COLUMN BFAF.WRITE_BFAF_DATE IS '작성일';
COMMENT ON COLUMN BFAF.CLICK_BFAF_NO IS '조회수';
COMMENT ON COLUMN BFAF.BFAF_VALUE IS '글내용';
COMMENT ON COLUMN BFAF.ORIGINFILE_BFAF IS '파일원본이름';
COMMENT ON COLUMN BFAF.RENAMEFILE_BFAF IS '파일수정이름';
COMMENT ON COLUMN BFAF.BFAF_REF IS '원글 번호';
COMMENT ON COLUMN BFAF.BFAF_REPLY_REF IS '댓글 번호';
COMMENT ON COLUMN BFAF.BFAF_REPLY_LEV IS '댓글 단계';
COMMENT ON COLUMN BFAF.BFAF_REPLY_SEQ IS '댓글 순번';
COMMENT ON COLUMN BFAF.BFAF_LIKE_NO IS '좋아요수';

COMMENT ON TABLE LIKE_BFAF IS 'before/after 게시판 좋아요 체크 테이블';
COMMENT ON COLUMN LIKE_BFAF.USER_ID IS '글번호';
COMMENT ON COLUMN LIKE_BFAF.BFAF_NO IS '제목';


INSERT INTO FREE
VALUES (SEQ_FREE.NEXTVAL, '테스트 자유 게시글 1', 'ADMIN', DEFAULT, 
DEFAULT, '테스트1 자유 게시글 내용입니다.', null, null, 1, DEFAULT, DEFAULT, DEFAULT, DEFAULT);
INSERT INTO FREE
VALUES (SEQ_FREE.NEXTVAL, '테스트 자유 게시글 2', 'USER01', DEFAULT, 
DEFAULT, '테스트2 자유 게시글 내용입니다.', null, null, 2, DEFAULT, DEFAULT, DEFAULT, DEFAULT);
INSERT INTO FREE
VALUES (SEQ_FREE.NEXTVAL, '테스트 자유 게시글 3', 'USER02', DEFAULT, 
DEFAULT, '테스트3 자유 게시글 내용입니다.', null, null, 3, DEFAULT, DEFAULT, DEFAULT, DEFAULT);
INSERT INTO FREE
VALUES (SEQ_FREE.NEXTVAL, '테스트 자유 게시글 4', 'USER03', DEFAULT, 
DEFAULT, '테스트4 자유 게시글 내용입니다.', null, null, 4, DEFAULT, DEFAULT, DEFAULT, DEFAULT);
INSERT INTO FREE
VALUES (SEQ_FREE.NEXTVAL, '테스트 자유 게시글 5', 'USER04', DEFAULT, 
DEFAULT, '테스트5 자유 게시글 내용입니다.', null, null, 5, DEFAULT, DEFAULT, DEFAULT, DEFAULT);
INSERT INTO FREE
VALUES (SEQ_FREE.NEXTVAL, '테스트 자유 게시글 6', 'USER05', DEFAULT, 
DEFAULT, '테스트6 자유 게시글 내용입니다.', null, null, 6, DEFAULT, DEFAULT, DEFAULT, DEFAULT);
INSERT INTO FREE
VALUES (SEQ_FREE.NEXTVAL, '테스트 자유 게시글 7', 'USER06', DEFAULT, 
DEFAULT, '테스트7 자유 게시글 내용입니다.', null, null, 7, DEFAULT, DEFAULT, DEFAULT, DEFAULT);
INSERT INTO FREE
VALUES (SEQ_FREE.NEXTVAL, '테스트 자유 게시글 8', 'USER07', DEFAULT, 
DEFAULT, '테스트8 자유 게시글 내용입니다.', null, null, 8, DEFAULT, DEFAULT, DEFAULT, DEFAULT);
INSERT INTO FREE
VALUES (SEQ_FREE.NEXTVAL, '테스트 자유 게시글 9', 'USER08', DEFAULT, 
DEFAULT, '테스트9 자유 게시글 내용입니다.', null, null, 9, DEFAULT, DEFAULT, DEFAULT, DEFAULT);
INSERT INTO FREE
VALUES (SEQ_FREE.NEXTVAL, '테스트 자유 게시글 10', 'USER09', DEFAULT, 
DEFAULT, '테스트10 자유 게시글 내용입니다.', null, null, 10, DEFAULT, DEFAULT, DEFAULT, DEFAULT);
INSERT INTO FREE
VALUES (SEQ_FREE.NEXTVAL, '테스트 자유 게시글 11', 'ADMIN', DEFAULT, 
DEFAULT, '테스트11 자유 게시글 내용입니다.', null, null, 11, DEFAULT, DEFAULT, DEFAULT, DEFAULT);
INSERT INTO FREE
VALUES (SEQ_FREE.NEXTVAL, '테스트 자유 게시글 12', 'USER01', DEFAULT, 
DEFAULT, '테스트12 자유 게시글 내용입니다.', null, null, 12, DEFAULT, DEFAULT, DEFAULT, DEFAULT);
INSERT INTO FREE
VALUES (SEQ_FREE.NEXTVAL, '테스트 자유 게시글 13', 'USER02', DEFAULT, 
DEFAULT, '테스트13 자유 게시글 내용입니다.', null, null, 13, DEFAULT, DEFAULT, DEFAULT, DEFAULT);
INSERT INTO FREE
VALUES (SEQ_FREE.NEXTVAL, '테스트 자유 게시글 14', 'USER03', DEFAULT, 
DEFAULT, '테스트14 자유 게시글 내용입니다.', null, null, 14, DEFAULT, DEFAULT, DEFAULT, DEFAULT);
INSERT INTO FREE
VALUES (SEQ_FREE.NEXTVAL, '테스트 자유 게시글 15', 'USER04', DEFAULT, 
DEFAULT, '테스트15 자유 게시글 내용입니다.', null, null, 15, DEFAULT, DEFAULT, DEFAULT, DEFAULT);
INSERT INTO FREE
VALUES (SEQ_FREE.NEXTVAL, '테스트 자유 게시글 16', 'USER05', DEFAULT, 
DEFAULT, '테스트16 자유 게시글 내용입니다.', null, null, 16, DEFAULT, DEFAULT, DEFAULT, DEFAULT);
INSERT INTO FREE
VALUES (SEQ_FREE.NEXTVAL, '테스트 자유 게시글 17', 'USER06', DEFAULT, 
DEFAULT, '테스트17 자유 게시글 내용입니다.', null, null, 17, DEFAULT, DEFAULT, DEFAULT, DEFAULT);
INSERT INTO FREE
VALUES (SEQ_FREE.NEXTVAL, '테스트 자유 게시글 18', 'USER07', DEFAULT, 
DEFAULT, '테스트18 자유 게시글 내용입니다.', null, null, 18, DEFAULT, DEFAULT, DEFAULT, DEFAULT);
INSERT INTO FREE
VALUES (SEQ_FREE.NEXTVAL, '테스트 자유 게시글 19', 'USER08', DEFAULT, 
DEFAULT, '테스트19 자유 게시글 내용입니다.', null, null, 19, DEFAULT, DEFAULT, DEFAULT, DEFAULT);
INSERT INTO FREE
VALUES (SEQ_FREE.NEXTVAL, '테스트 자유 게시글 20', 'USER09', DEFAULT, 
DEFAULT, '테스트20 자유 게시글 내용입니다.', null, null, 20, DEFAULT, DEFAULT, DEFAULT, DEFAULT);
INSERT INTO FREE
VALUES (SEQ_FREE.NEXTVAL, '테스트 자유 댓글 21', 'ADMIN', DEFAULT, 
DEFAULT, '테스트21 자유 댓글 내용입니다.', null, null, 11, 1, 2, 1, DEFAULT);
INSERT INTO FREE
VALUES (SEQ_FREE.NEXTVAL, '테스트 자유 댓글 22', 'USER01', DEFAULT, 
DEFAULT, '테스트22 자유 댓글 내용입니다.', null, null, 11, 1, 3, 2, DEFAULT);
INSERT INTO FREE
VALUES (SEQ_FREE.NEXTVAL, '테스트 자유 댓글 23', 'USER02', DEFAULT, 
DEFAULT, '테스트23 자유 댓글 내용입니다.', null, null, 11, 1, 3, 3, DEFAULT);
INSERT INTO FREE
VALUES (SEQ_FREE.NEXTVAL, '테스트 자유 댓글 24', 'USER03', DEFAULT, 
DEFAULT, '테스트24 자유 댓글 내용입니다.', null, null, 11, 2, 2, 4, DEFAULT);
INSERT INTO FREE
VALUES (SEQ_FREE.NEXTVAL, '테스트 자유 댓글 25', 'USER04', DEFAULT, 
DEFAULT, '테스트25 자유 댓글 내용입니다.', null, null, 11, 3, 2, 5, DEFAULT);
INSERT INTO FREE
VALUES (SEQ_FREE.NEXTVAL, '테스트 자유 댓글 26', 'USER05', DEFAULT, 
DEFAULT, '테스트26 자유 댓글 내용입니다.', null, null, 11, 4, 2, 6, DEFAULT);
INSERT INTO FREE
VALUES (SEQ_FREE.NEXTVAL, '테스트 자유 댓글 27', 'USER06', DEFAULT, 
DEFAULT, '테스트27 자유 댓글 내용입니다.', null, null, 11, 5, 2, 7, DEFAULT);
INSERT INTO FREE
VALUES (SEQ_FREE.NEXTVAL, '테스트 자유 댓글 28', 'USER07', DEFAULT, 
DEFAULT, '테스트28 자유 댓글 내용입니다.', null, null, 11, 3, 3, 8, DEFAULT);
INSERT INTO FREE
VALUES (SEQ_FREE.NEXTVAL, '테스트 자유 댓글 29', 'USER08', DEFAULT, 
DEFAULT, '테스트29 자유 댓글 내용입니다.', null, null, 14, 1, 2, 1, DEFAULT);
INSERT INTO FREE
VALUES (SEQ_FREE.NEXTVAL, '테스트 자유 댓글 30', 'USER09', DEFAULT, 
DEFAULT, '테스트30 자유 댓글 내용입니다.', null, null, 14, 1, 3, 2, DEFAULT);
INSERT INTO FREE
VALUES (SEQ_FREE.NEXTVAL, '테스트 자유 댓글 31', 'ADMIN', DEFAULT, 
DEFAULT, '테스트31 자유 댓글 내용입니다.', null, null, 14, 2, 2, 3, DEFAULT);
INSERT INTO FREE
VALUES (SEQ_FREE.NEXTVAL, '테스트 자유 댓글 32', 'USER01', DEFAULT, 
DEFAULT, '테스트32 자유 댓글 내용입니다.', null, null, 14, 2, 3, 4, DEFAULT);
INSERT INTO FREE
VALUES (SEQ_FREE.NEXTVAL, '테스트 자유 댓글 33', 'USER02', DEFAULT, 
DEFAULT, '테스트33 자유 댓글 내용입니다.', null, null, 14, 2, 3, 5, DEFAULT);
INSERT INTO FREE
VALUES (SEQ_FREE.NEXTVAL, '테스트 자유 댓글 34', 'USER03', DEFAULT, 
DEFAULT, '테스트34 자유 댓글 내용입니다.', null, null, 14, 2, 3, 6, DEFAULT);
INSERT INTO FREE
VALUES (SEQ_FREE.NEXTVAL, '테스트 자유 댓글 35', 'USER04', DEFAULT, 
DEFAULT, '테스트35 자유 댓글 내용입니다.', null, null, 17, 1, 2, 1, DEFAULT);
INSERT INTO FREE
VALUES (SEQ_FREE.NEXTVAL, '테스트 자유 댓글 36', 'USER05', DEFAULT, 
DEFAULT, '테스트36 자유 댓글 내용입니다.', null, null, 17, 2, 2, 2, DEFAULT);
INSERT INTO FREE
VALUES (SEQ_FREE.NEXTVAL, '테스트 자유 댓글 37', 'USER06', DEFAULT, 
DEFAULT, '테스트37 자유 댓글 내용입니다.', null, null, 17, 3, 2, 3, DEFAULT);
INSERT INTO FREE
VALUES (SEQ_FREE.NEXTVAL, '테스트 자유 댓글 38', 'USER07', DEFAULT, 
DEFAULT, '테스트38 자유 댓글 내용입니다.', null, null, 17, 2, 3, 4, DEFAULT);
INSERT INTO FREE
VALUES (SEQ_FREE.NEXTVAL, '테스트 자유 댓글 39', 'USER08', DEFAULT, 
DEFAULT, '테스트39 자유 댓글 내용입니다.', null, null, 17, 2, 3, 5, DEFAULT);
INSERT INTO FREE
VALUES (SEQ_FREE.NEXTVAL, '테스트 자유 댓글 40', 'USER09', DEFAULT, 
DEFAULT, '테스트40 자유 댓글 내용입니다.', null, null, 17, 4, 2, 6, DEFAULT);



INSERT INTO TIP
VALUES (SEQ_TIP.NEXTVAL, '테스트 팁 게시글 1', 'ADMIN', DEFAULT, 
DEFAULT, '테스트1 팁 게시글 내용입니다.', null, null, 1, DEFAULT, DEFAULT, DEFAULT, DEFAULT);
INSERT INTO TIP
VALUES (SEQ_TIP.NEXTVAL, '테스트 팁 게시글 2', 'USER01', DEFAULT, 
DEFAULT, '테스트2 팁 게시글 내용입니다.', null, null, 2, DEFAULT, DEFAULT, DEFAULT, DEFAULT);
INSERT INTO TIP
VALUES (SEQ_TIP.NEXTVAL, '테스트 팁 게시글 3', 'USER02', DEFAULT, 
DEFAULT, '테스트3 팁 게시글 내용입니다.', null, null, 3, DEFAULT, DEFAULT, DEFAULT, DEFAULT);
INSERT INTO TIP
VALUES (SEQ_TIP.NEXTVAL, '테스트 팁 게시글 4', 'USER03', DEFAULT, 
DEFAULT, '테스트4 팁 게시글 내용입니다.', null, null, 4, DEFAULT, DEFAULT, DEFAULT, DEFAULT);
INSERT INTO TIP
VALUES (SEQ_TIP.NEXTVAL, '테스트 팁 게시글 5', 'USER04', DEFAULT, 
DEFAULT, '테스트5 팁 게시글 내용입니다.', null, null, 5, DEFAULT, DEFAULT, DEFAULT, DEFAULT);
INSERT INTO TIP
VALUES (SEQ_TIP.NEXTVAL, '테스트 팁 게시글 6', 'USER05', DEFAULT, 
DEFAULT, '테스트6 팁 게시글 내용입니다.', null, null, 6, DEFAULT, DEFAULT, DEFAULT, DEFAULT);
INSERT INTO TIP
VALUES (SEQ_TIP.NEXTVAL, '테스트 팁 게시글 7', 'USER06', DEFAULT, 
DEFAULT, '테스트7 팁 게시글 내용입니다.', null, null, 7, DEFAULT, DEFAULT, DEFAULT, DEFAULT);
INSERT INTO TIP
VALUES (SEQ_TIP.NEXTVAL, '테스트 팁 게시글 8', 'USER07', DEFAULT, 
DEFAULT, '테스트8 팁 게시글 내용입니다.', null, null, 8, DEFAULT, DEFAULT, DEFAULT, DEFAULT);
INSERT INTO TIP
VALUES (SEQ_TIP.NEXTVAL, '테스트 팁 게시글 9', 'USER08', DEFAULT, 
DEFAULT, '테스트9 팁 게시글 내용입니다.', null, null, 9, DEFAULT, DEFAULT, DEFAULT, DEFAULT);
INSERT INTO TIP
VALUES (SEQ_TIP.NEXTVAL, '테스트 팁 게시글 10', 'USER09', DEFAULT, 
DEFAULT, '테스트10 팁 게시글 내용입니다.', null, null, 10, DEFAULT, DEFAULT, DEFAULT, DEFAULT);
INSERT INTO TIP
VALUES (SEQ_TIP.NEXTVAL, '테스트 팁 게시글 11', 'ADMIN', DEFAULT, 
DEFAULT, '테스트11 팁 게시글 내용입니다.', null, null, 11, DEFAULT, DEFAULT, DEFAULT, DEFAULT);
INSERT INTO TIP
VALUES (SEQ_TIP.NEXTVAL, '테스트 팁 게시글 12', 'USER01', DEFAULT, 
DEFAULT, '테스트12 팁 게시글 내용입니다.', null, null, 12, DEFAULT, DEFAULT, DEFAULT, DEFAULT);
INSERT INTO TIP
VALUES (SEQ_TIP.NEXTVAL, '테스트 팁 게시글 13', 'USER02', DEFAULT, 
DEFAULT, '테스트13 팁 게시글 내용입니다.', null, null, 13, DEFAULT, DEFAULT, DEFAULT, DEFAULT);
INSERT INTO TIP
VALUES (SEQ_TIP.NEXTVAL, '테스트 팁 게시글 14', 'USER03', DEFAULT, 
DEFAULT, '테스트14 팁 게시글 내용입니다.', null, null, 14, DEFAULT, DEFAULT, DEFAULT, DEFAULT);
INSERT INTO TIP
VALUES (SEQ_TIP.NEXTVAL, '테스트 팁 게시글 15', 'USER04', DEFAULT, 
DEFAULT, '테스트15 팁 게시글 내용입니다.', null, null, 15, DEFAULT, DEFAULT, DEFAULT, DEFAULT);
INSERT INTO TIP
VALUES (SEQ_TIP.NEXTVAL, '테스트 팁 게시글 16', 'USER05', DEFAULT, 
DEFAULT, '테스트16 팁 게시글 내용입니다.', null, null, 16, DEFAULT, DEFAULT, DEFAULT, DEFAULT);
INSERT INTO TIP
VALUES (SEQ_TIP.NEXTVAL, '테스트 팁 게시글 17', 'USER06', DEFAULT, 
DEFAULT, '테스트17 팁 게시글 내용입니다.', null, null, 17, DEFAULT, DEFAULT, DEFAULT, DEFAULT);
INSERT INTO TIP
VALUES (SEQ_TIP.NEXTVAL, '테스트 팁 게시글 18', 'USER07', DEFAULT, 
DEFAULT, '테스트18 팁 게시글 내용입니다.', null, null, 18, DEFAULT, DEFAULT, DEFAULT, DEFAULT);
INSERT INTO TIP
VALUES (SEQ_TIP.NEXTVAL, '테스트 팁 게시글 19', 'USER08', DEFAULT, 
DEFAULT, '테스트19 팁 게시글 내용입니다.', null, null, 19, DEFAULT, DEFAULT, DEFAULT, DEFAULT);
INSERT INTO TIP
VALUES (SEQ_TIP.NEXTVAL, '테스트 팁 게시글 20', 'USER09', DEFAULT, 
DEFAULT, '테스트20 팁 게시글 내용입니다.', null, null, 20, DEFAULT, DEFAULT, DEFAULT, DEFAULT);
INSERT INTO TIP
VALUES (SEQ_TIP.NEXTVAL, '테스트 팁 댓글 21', 'ADMIN', DEFAULT, 
DEFAULT, '테스트21 팁 댓글 내용입니다.', null, null, 11, 1, 2, 1, DEFAULT);
INSERT INTO TIP
VALUES (SEQ_TIP.NEXTVAL, '테스트 팁 댓글 22', 'USER01', DEFAULT, 
DEFAULT, '테스트22 팁 댓글 내용입니다.', null, null, 11, 1, 3, 2, DEFAULT);
INSERT INTO TIP
VALUES (SEQ_TIP.NEXTVAL, '테스트 팁 댓글 23', 'USER02', DEFAULT, 
DEFAULT, '테스트23 팁 댓글 내용입니다.', null, null, 11, 1, 3, 3, DEFAULT);
INSERT INTO TIP
VALUES (SEQ_TIP.NEXTVAL, '테스트 팁 댓글 24', 'USER03', DEFAULT, 
DEFAULT, '테스트24 팁 댓글 내용입니다.', null, null, 11, 2, 2, 4, DEFAULT);
INSERT INTO TIP
VALUES (SEQ_TIP.NEXTVAL, '테스트 팁 댓글 25', 'USER04', DEFAULT, 
DEFAULT, '테스트25 팁 댓글 내용입니다.', null, null, 11, 3, 2, 5, DEFAULT);
INSERT INTO TIP
VALUES (SEQ_TIP.NEXTVAL, '테스트 팁 댓글 26', 'USER05', DEFAULT, 
DEFAULT, '테스트26 팁 댓글 내용입니다.', null, null, 11, 4, 2, 6, DEFAULT);
INSERT INTO TIP
VALUES (SEQ_TIP.NEXTVAL, '테스트 팁 댓글 27', 'USER06', DEFAULT, 
DEFAULT, '테스트27 팁 댓글 내용입니다.', null, null, 11, 5, 2, 7, DEFAULT);
INSERT INTO TIP
VALUES (SEQ_TIP.NEXTVAL, '테스트 팁 댓글 28', 'USER07', DEFAULT, 
DEFAULT, '테스트28 팁 댓글 내용입니다.', null, null, 11, 3, 3, 8, DEFAULT);
INSERT INTO TIP
VALUES (SEQ_TIP.NEXTVAL, '테스트 팁 댓글 29', 'USER08', DEFAULT, 
DEFAULT, '테스트29 팁 댓글 내용입니다.', null, null, 14, 1, 2, 1, DEFAULT);
INSERT INTO TIP
VALUES (SEQ_TIP.NEXTVAL, '테스트 팁 댓글 30', 'USER09', DEFAULT, 
DEFAULT, '테스트30 팁 댓글 내용입니다.', null, null, 14, 1, 3, 2, DEFAULT);
INSERT INTO TIP
VALUES (SEQ_TIP.NEXTVAL, '테스트 팁 댓글 31', 'ADMIN', DEFAULT, 
DEFAULT, '테스트31 팁 댓글 내용입니다.', null, null, 14, 2, 2, 3, DEFAULT);
INSERT INTO TIP
VALUES (SEQ_TIP.NEXTVAL, '테스트 팁 댓글 32', 'USER01', DEFAULT, 
DEFAULT, '테스트32 팁 댓글 내용입니다.', null, null, 14, 2, 3, 4, DEFAULT);
INSERT INTO TIP
VALUES (SEQ_TIP.NEXTVAL, '테스트 팁 댓글 33', 'USER02', DEFAULT, 
DEFAULT, '테스트33 팁 댓글 내용입니다.', null, null, 14, 2, 3, 5, DEFAULT);
INSERT INTO TIP
VALUES (SEQ_TIP.NEXTVAL, '테스트 팁 댓글 34', 'USER03', DEFAULT, 
DEFAULT, '테스트34 팁 댓글 내용입니다.', null, null, 14, 2, 3, 6, DEFAULT);
INSERT INTO TIP
VALUES (SEQ_TIP.NEXTVAL, '테스트 팁 댓글 35', 'USER04', DEFAULT, 
DEFAULT, '테스트35 팁 댓글 내용입니다.', null, null, 17, 1, 2, 1, DEFAULT);
INSERT INTO TIP
VALUES (SEQ_TIP.NEXTVAL, '테스트 팁 댓글 36', 'USER05', DEFAULT, 
DEFAULT, '테스트36 팁 댓글 내용입니다.', null, null, 17, 2, 2, 2, DEFAULT);
INSERT INTO TIP
VALUES (SEQ_TIP.NEXTVAL, '테스트 팁 댓글 37', 'USER06', DEFAULT, 
DEFAULT, '테스트37 팁 댓글 내용입니다.', null, null, 17, 3, 2, 3, DEFAULT);
INSERT INTO TIP
VALUES (SEQ_TIP.NEXTVAL, '테스트 팁 댓글 38', 'USER07', DEFAULT, 
DEFAULT, '테스트38 팁 댓글 내용입니다.', null, null, 17, 2, 3, 4, DEFAULT);
INSERT INTO TIP
VALUES (SEQ_TIP.NEXTVAL, '테스트 팁 댓글 39', 'USER08', DEFAULT, 
DEFAULT, '테스트39 팁 댓글 내용입니다.', null, null, 17, 2, 3, 5, DEFAULT);
INSERT INTO TIP
VALUES (SEQ_TIP.NEXTVAL, '테스트 팁 댓글 40', 'USER09', DEFAULT, 
DEFAULT, '테스트40 팁 댓글 내용입니다.', null, null, 17, 4, 2, 6, DEFAULT);


INSERT INTO EYEBODY
VALUES (SEQ_EYEBODY.NEXTVAL, '테스트 눈바디 게시글 1', 'ADMIN', DEFAULT, 
DEFAULT, '테스트1 눈바디 게시글 내용입니다.', null, null, 1, DEFAULT, DEFAULT, DEFAULT, DEFAULT);
INSERT INTO EYEBODY
VALUES (SEQ_EYEBODY.NEXTVAL, '테스트 눈바디 게시글 2', 'USER01', DEFAULT, 
DEFAULT, '테스트2 눈바디 게시글 내용입니다.', null, null, 2, DEFAULT, DEFAULT, DEFAULT, DEFAULT);
INSERT INTO EYEBODY
VALUES (SEQ_EYEBODY.NEXTVAL, '테스트 눈바디 게시글 3', 'USER02', DEFAULT, 
DEFAULT, '테스트3 눈바디 게시글 내용입니다.', null, null, 3, DEFAULT, DEFAULT, DEFAULT, DEFAULT);
INSERT INTO EYEBODY
VALUES (SEQ_EYEBODY.NEXTVAL, '테스트 눈바디 게시글 4', 'USER03', DEFAULT, 
DEFAULT, '테스트4 눈바디 게시글 내용입니다.', null, null, 4, DEFAULT, DEFAULT, DEFAULT, DEFAULT);
INSERT INTO EYEBODY
VALUES (SEQ_EYEBODY.NEXTVAL, '테스트 눈바디 게시글 5', 'USER04', DEFAULT, 
DEFAULT, '테스트5 눈바디 게시글 내용입니다.', null, null, 5, DEFAULT, DEFAULT, DEFAULT, DEFAULT);
INSERT INTO EYEBODY
VALUES (SEQ_EYEBODY.NEXTVAL, '테스트 눈바디 게시글 6', 'USER05', DEFAULT, 
DEFAULT, '테스트6 눈바디 게시글 내용입니다.', null, null, 6, DEFAULT, DEFAULT, DEFAULT, DEFAULT);
INSERT INTO EYEBODY
VALUES (SEQ_EYEBODY.NEXTVAL, '테스트 눈바디 게시글 7', 'USER06', DEFAULT, 
DEFAULT, '테스트7 눈바디 게시글 내용입니다.', null, null, 7, DEFAULT, DEFAULT, DEFAULT, DEFAULT);
INSERT INTO EYEBODY
VALUES (SEQ_EYEBODY.NEXTVAL, '테스트 눈바디 게시글 8', 'USER07', DEFAULT, 
DEFAULT, '테스트8 눈바디 게시글 내용입니다.', null, null, 8, DEFAULT, DEFAULT, DEFAULT, DEFAULT);
INSERT INTO EYEBODY
VALUES (SEQ_EYEBODY.NEXTVAL, '테스트 눈바디 게시글 9', 'USER08', DEFAULT, 
DEFAULT, '테스트9 눈바디 게시글 내용입니다.', null, null, 9, DEFAULT, DEFAULT, DEFAULT, DEFAULT);
INSERT INTO EYEBODY
VALUES (SEQ_EYEBODY.NEXTVAL, '테스트 눈바디 게시글 10', 'USER09', DEFAULT, 
DEFAULT, '테스트10 눈바디 게시글 내용입니다.', null, null, 10, DEFAULT, DEFAULT, DEFAULT, DEFAULT);
INSERT INTO EYEBODY
VALUES (SEQ_EYEBODY.NEXTVAL, '테스트 눈바디 게시글 11', 'ADMIN', DEFAULT, 
DEFAULT, '테스트11 눈바디 게시글 내용입니다.', null, null, 11, DEFAULT, DEFAULT, DEFAULT, DEFAULT);
INSERT INTO EYEBODY
VALUES (SEQ_EYEBODY.NEXTVAL, '테스트 눈바디 게시글 12', 'USER01', DEFAULT, 
DEFAULT, '테스트12 눈바디 게시글 내용입니다.', null, null, 12, DEFAULT, DEFAULT, DEFAULT, DEFAULT);
INSERT INTO EYEBODY
VALUES (SEQ_EYEBODY.NEXTVAL, '테스트 눈바디 게시글 13', 'USER02', DEFAULT, 
DEFAULT, '테스트13 눈바디 게시글 내용입니다.', null, null, 13, DEFAULT, DEFAULT, DEFAULT, DEFAULT);
INSERT INTO EYEBODY
VALUES (SEQ_EYEBODY.NEXTVAL, '테스트 눈바디 게시글 14', 'USER03', DEFAULT, 
DEFAULT, '테스트14 눈바디 게시글 내용입니다.', null, null, 14, DEFAULT, DEFAULT, DEFAULT, DEFAULT);
INSERT INTO EYEBODY
VALUES (SEQ_EYEBODY.NEXTVAL, '테스트 눈바디 게시글 15', 'USER04', DEFAULT, 
DEFAULT, '테스트15 눈바디 게시글 내용입니다.', null, null, 15, DEFAULT, DEFAULT, DEFAULT, DEFAULT);
INSERT INTO EYEBODY
VALUES (SEQ_EYEBODY.NEXTVAL, '테스트 눈바디 게시글 16', 'USER05', DEFAULT, 
DEFAULT, '테스트16 눈바디 게시글 내용입니다.', null, null, 16, DEFAULT, DEFAULT, DEFAULT, DEFAULT);
INSERT INTO EYEBODY
VALUES (SEQ_EYEBODY.NEXTVAL, '테스트 눈바디 게시글 17', 'USER06', DEFAULT, 
DEFAULT, '테스트17 눈바디 게시글 내용입니다.', null, null, 17, DEFAULT, DEFAULT, DEFAULT, DEFAULT);
INSERT INTO EYEBODY
VALUES (SEQ_EYEBODY.NEXTVAL, '테스트 눈바디 게시글 18', 'USER07', DEFAULT, 
DEFAULT, '테스트18 눈바디 게시글 내용입니다.', null, null, 18, DEFAULT, DEFAULT, DEFAULT, DEFAULT);
INSERT INTO EYEBODY
VALUES (SEQ_EYEBODY.NEXTVAL, '테스트 눈바디 게시글 19', 'USER08', DEFAULT, 
DEFAULT, '테스트19 눈바디 게시글 내용입니다.', null, null, 19, DEFAULT, DEFAULT, DEFAULT, DEFAULT);
INSERT INTO EYEBODY
VALUES (SEQ_EYEBODY.NEXTVAL, '테스트 눈바디 게시글 20', 'USER09', DEFAULT, 
DEFAULT, '테스트20 눈바디 게시글 내용입니다.', null, null, 20, DEFAULT, DEFAULT, DEFAULT, DEFAULT);
INSERT INTO EYEBODY
VALUES (SEQ_EYEBODY.NEXTVAL, '테스트 눈바디 댓글 21', 'ADMIN', DEFAULT, 
DEFAULT, '테스트21 눈바디 댓글 내용입니다.', null, null, 11, 1, 2, 1, DEFAULT);
INSERT INTO EYEBODY
VALUES (SEQ_EYEBODY.NEXTVAL, '테스트 눈바디 댓글 22', 'USER01', DEFAULT, 
DEFAULT, '테스트22 눈바디 댓글 내용입니다.', null, null, 11, 1, 3, 2, DEFAULT);
INSERT INTO EYEBODY
VALUES (SEQ_EYEBODY.NEXTVAL, '테스트 눈바디 댓글 23', 'USER02', DEFAULT, 
DEFAULT, '테스트23 눈바디 댓글 내용입니다.', null, null, 11, 1, 3, 3, DEFAULT);
INSERT INTO EYEBODY
VALUES (SEQ_EYEBODY.NEXTVAL, '테스트 눈바디 댓글 24', 'USER03', DEFAULT, 
DEFAULT, '테스트24 눈바디 댓글 내용입니다.', null, null, 11, 2, 2, 4, DEFAULT);
INSERT INTO EYEBODY
VALUES (SEQ_EYEBODY.NEXTVAL, '테스트 눈바디 댓글 25', 'USER04', DEFAULT, 
DEFAULT, '테스트25 눈바디 댓글 내용입니다.', null, null, 11, 3, 2, 5, DEFAULT);
INSERT INTO EYEBODY
VALUES (SEQ_EYEBODY.NEXTVAL, '테스트 눈바디 댓글 26', 'USER05', DEFAULT, 
DEFAULT, '테스트26 눈바디 댓글 내용입니다.', null, null, 11, 4, 2, 6, DEFAULT);
INSERT INTO EYEBODY
VALUES (SEQ_EYEBODY.NEXTVAL, '테스트 눈바디 댓글 27', 'USER06', DEFAULT, 
DEFAULT, '테스트27 눈바디 댓글 내용입니다.', null, null, 11, 5, 2, 7, DEFAULT);
INSERT INTO EYEBODY
VALUES (SEQ_EYEBODY.NEXTVAL, '테스트 눈바디 댓글 28', 'USER07', DEFAULT, 
DEFAULT, '테스트28 눈바디 댓글 내용입니다.', null, null, 11, 3, 3, 8, DEFAULT);
INSERT INTO EYEBODY
VALUES (SEQ_EYEBODY.NEXTVAL, '테스트 눈바디 댓글 29', 'USER08', DEFAULT, 
DEFAULT, '테스트29 눈바디 댓글 내용입니다.', null, null, 14, 1, 2, 1, DEFAULT);
INSERT INTO EYEBODY
VALUES (SEQ_EYEBODY.NEXTVAL, '테스트 눈바디 댓글 30', 'USER09', DEFAULT, 
DEFAULT, '테스트30 눈바디 댓글 내용입니다.', null, null, 14, 1, 3, 2, DEFAULT);
INSERT INTO EYEBODY
VALUES (SEQ_EYEBODY.NEXTVAL, '테스트 눈바디 댓글 31', 'ADMIN', DEFAULT, 
DEFAULT, '테스트31 눈바디 댓글 내용입니다.', null, null, 14, 2, 2, 3, DEFAULT);
INSERT INTO EYEBODY
VALUES (SEQ_EYEBODY.NEXTVAL, '테스트 눈바디 댓글 32', 'USER01', DEFAULT, 
DEFAULT, '테스트32 눈바디 댓글 내용입니다.', null, null, 14, 2, 3, 4, DEFAULT);
INSERT INTO EYEBODY
VALUES (SEQ_EYEBODY.NEXTVAL, '테스트 눈바디 댓글 33', 'USER02', DEFAULT, 
DEFAULT, '테스트33 눈바디 댓글 내용입니다.', null, null, 14, 2, 3, 5, DEFAULT);
INSERT INTO EYEBODY
VALUES (SEQ_EYEBODY.NEXTVAL, '테스트 눈바디 댓글 34', 'USER03', DEFAULT, 
DEFAULT, '테스트34 눈바디 댓글 내용입니다.', null, null, 14, 2, 3, 6, DEFAULT);
INSERT INTO EYEBODY
VALUES (SEQ_EYEBODY.NEXTVAL, '테스트 눈바디 댓글 35', 'USER04', DEFAULT, 
DEFAULT, '테스트35 눈바디 댓글 내용입니다.', null, null, 17, 1, 2, 1, DEFAULT);
INSERT INTO EYEBODY
VALUES (SEQ_EYEBODY.NEXTVAL, '테스트 눈바디 댓글 36', 'USER05', DEFAULT, 
DEFAULT, '테스트36 눈바디 댓글 내용입니다.', null, null, 17, 2, 2, 2, DEFAULT);
INSERT INTO EYEBODY
VALUES (SEQ_EYEBODY.NEXTVAL, '테스트 눈바디 댓글 37', 'USER06', DEFAULT, 
DEFAULT, '테스트37 눈바디 댓글 내용입니다.', null, null, 17, 3, 2, 3, DEFAULT);
INSERT INTO EYEBODY
VALUES (SEQ_EYEBODY.NEXTVAL, '테스트 눈바디 댓글 38', 'USER07', DEFAULT, 
DEFAULT, '테스트38 눈바디 댓글 내용입니다.', null, null, 17, 2, 3, 4, DEFAULT);
INSERT INTO EYEBODY
VALUES (SEQ_EYEBODY.NEXTVAL, '테스트 눈바디 댓글 39', 'USER08', DEFAULT, 
DEFAULT, '테스트39 눈바디 댓글 내용입니다.', null, null, 17, 2, 3, 5, DEFAULT);
INSERT INTO EYEBODY
VALUES (SEQ_EYEBODY.NEXTVAL, '테스트 눈바디 댓글 40', 'USER09', DEFAULT, 
DEFAULT, '테스트40 눈바디 댓글 내용입니다.', null, null, 17, 4, 2, 6, DEFAULT);


INSERT INTO BFAF
VALUES (SEQ_BFAF.NEXTVAL, '테스트 비포에프터 게시글 1', 'ADMIN', DEFAULT, 
DEFAULT, '테스트1 비포에프터 게시글 내용입니다.', null, null, 1, DEFAULT, DEFAULT, DEFAULT, DEFAULT);
INSERT INTO BFAF
VALUES (SEQ_BFAF.NEXTVAL, '테스트 비포에프터 게시글 2', 'USER01', DEFAULT, 
DEFAULT, '테스트2 비포에프터 게시글 내용입니다.', null, null, 2, DEFAULT, DEFAULT, DEFAULT, DEFAULT);
INSERT INTO BFAF
VALUES (SEQ_BFAF.NEXTVAL, '테스트 비포에프터 게시글 3', 'USER02', DEFAULT, 
DEFAULT, '테스트3 비포에프터 게시글 내용입니다.', null, null, 3, DEFAULT, DEFAULT, DEFAULT, DEFAULT);
INSERT INTO BFAF
VALUES (SEQ_BFAF.NEXTVAL, '테스트 비포에프터 게시글 4', 'USER03', DEFAULT, 
DEFAULT, '테스트4 비포에프터 게시글 내용입니다.', null, null, 4, DEFAULT, DEFAULT, DEFAULT, DEFAULT);
INSERT INTO BFAF
VALUES (SEQ_BFAF.NEXTVAL, '테스트 비포에프터 게시글 5', 'USER04', DEFAULT, 
DEFAULT, '테스트5 비포에프터 게시글 내용입니다.', null, null, 5, DEFAULT, DEFAULT, DEFAULT, DEFAULT);
INSERT INTO BFAF
VALUES (SEQ_BFAF.NEXTVAL, '테스트 비포에프터 게시글 6', 'USER05', DEFAULT, 
DEFAULT, '테스트6 비포에프터 게시글 내용입니다.', null, null, 6, DEFAULT, DEFAULT, DEFAULT, DEFAULT);
INSERT INTO BFAF
VALUES (SEQ_BFAF.NEXTVAL, '테스트 비포에프터 게시글 7', 'USER06', DEFAULT, 
DEFAULT, '테스트7 비포에프터 게시글 내용입니다.', null, null, 7, DEFAULT, DEFAULT, DEFAULT, DEFAULT);
INSERT INTO BFAF
VALUES (SEQ_BFAF.NEXTVAL, '테스트 비포에프터 게시글 8', 'USER07', DEFAULT, 
DEFAULT, '테스트8 비포에프터 게시글 내용입니다.', null, null, 8, DEFAULT, DEFAULT, DEFAULT, DEFAULT);
INSERT INTO BFAF
VALUES (SEQ_BFAF.NEXTVAL, '테스트 비포에프터 게시글 9', 'USER08', DEFAULT, 
DEFAULT, '테스트9 비포에프터 게시글 내용입니다.', null, null, 9, DEFAULT, DEFAULT, DEFAULT, DEFAULT);
INSERT INTO BFAF
VALUES (SEQ_BFAF.NEXTVAL, '테스트 비포에프터 게시글 10', 'USER09', DEFAULT, 
DEFAULT, '테스트10 비포에프터 게시글 내용입니다.', null, null, 10, DEFAULT, DEFAULT, DEFAULT, DEFAULT);
INSERT INTO BFAF
VALUES (SEQ_BFAF.NEXTVAL, '테스트 비포에프터 게시글 11', 'ADMIN', DEFAULT, 
DEFAULT, '테스트11 비포에프터 게시글 내용입니다.', null, null, 11, DEFAULT, DEFAULT, DEFAULT, DEFAULT);
INSERT INTO BFAF
VALUES (SEQ_BFAF.NEXTVAL, '테스트 비포에프터 게시글 12', 'USER01', DEFAULT, 
DEFAULT, '테스트12 비포에프터 게시글 내용입니다.', null, null, 12, DEFAULT, DEFAULT, DEFAULT, DEFAULT);
INSERT INTO BFAF
VALUES (SEQ_BFAF.NEXTVAL, '테스트 비포에프터 게시글 13', 'USER02', DEFAULT, 
DEFAULT, '테스트13 비포에프터 게시글 내용입니다.', null, null, 13, DEFAULT, DEFAULT, DEFAULT, DEFAULT);
INSERT INTO BFAF
VALUES (SEQ_BFAF.NEXTVAL, '테스트 비포에프터 게시글 14', 'USER03', DEFAULT, 
DEFAULT, '테스트14 비포에프터 게시글 내용입니다.', null, null, 14, DEFAULT, DEFAULT, DEFAULT, DEFAULT);
INSERT INTO BFAF
VALUES (SEQ_BFAF.NEXTVAL, '테스트 비포에프터 게시글 15', 'USER04', DEFAULT, 
DEFAULT, '테스트15 비포에프터 게시글 내용입니다.', null, null, 15, DEFAULT, DEFAULT, DEFAULT, DEFAULT);
INSERT INTO BFAF
VALUES (SEQ_BFAF.NEXTVAL, '테스트 비포에프터 게시글 16', 'USER05', DEFAULT, 
DEFAULT, '테스트16 비포에프터 게시글 내용입니다.', null, null, 16, DEFAULT, DEFAULT, DEFAULT, DEFAULT);
INSERT INTO BFAF
VALUES (SEQ_BFAF.NEXTVAL, '테스트 비포에프터 게시글 17', 'USER06', DEFAULT, 
DEFAULT, '테스트17 비포에프터 게시글 내용입니다.', null, null, 17, DEFAULT, DEFAULT, DEFAULT, DEFAULT);
INSERT INTO BFAF
VALUES (SEQ_BFAF.NEXTVAL, '테스트 비포에프터 게시글 18', 'USER07', DEFAULT, 
DEFAULT, '테스트18 비포에프터 게시글 내용입니다.', null, null, 18, DEFAULT, DEFAULT, DEFAULT, DEFAULT);
INSERT INTO BFAF
VALUES (SEQ_BFAF.NEXTVAL, '테스트 비포에프터 게시글 19', 'USER08', DEFAULT, 
DEFAULT, '테스트19 비포에프터 게시글 내용입니다.', null, null, 19, DEFAULT, DEFAULT, DEFAULT, DEFAULT);
INSERT INTO BFAF
VALUES (SEQ_BFAF.NEXTVAL, '테스트 비포에프터 게시글 20', 'USER09', DEFAULT, 
DEFAULT, '테스트20 비포에프터 게시글 내용입니다.', null, null, 20, DEFAULT, DEFAULT, DEFAULT, DEFAULT);
INSERT INTO BFAF
VALUES (SEQ_BFAF.NEXTVAL, '테스트 비포에프터 댓글 21', 'ADMIN', DEFAULT, 
DEFAULT, '테스트21 비포에프터 댓글 내용입니다.', null, null, 11, 1, 2, 1, DEFAULT);
INSERT INTO BFAF
VALUES (SEQ_BFAF.NEXTVAL, '테스트 비포에프터 댓글 22', 'USER01', DEFAULT, 
DEFAULT, '테스트22 비포에프터 댓글 내용입니다.', null, null, 11, 1, 3, 2, DEFAULT);
INSERT INTO BFAF
VALUES (SEQ_BFAF.NEXTVAL, '테스트 비포에프터 댓글 23', 'USER02', DEFAULT, 
DEFAULT, '테스트23 비포에프터 댓글 내용입니다.', null, null, 11, 1, 3, 3, DEFAULT);
INSERT INTO BFAF
VALUES (SEQ_BFAF.NEXTVAL, '테스트 비포에프터 댓글 24', 'USER03', DEFAULT, 
DEFAULT, '테스트24 비포에프터 댓글 내용입니다.', null, null, 11, 2, 2, 4, DEFAULT);
INSERT INTO BFAF
VALUES (SEQ_BFAF.NEXTVAL, '테스트 비포에프터 댓글 25', 'USER04', DEFAULT, 
DEFAULT, '테스트25 비포에프터 댓글 내용입니다.', null, null, 11, 3, 2, 5, DEFAULT);
INSERT INTO BFAF
VALUES (SEQ_BFAF.NEXTVAL, '테스트 비포에프터 댓글 26', 'USER05', DEFAULT, 
DEFAULT, '테스트26 비포에프터 댓글 내용입니다.', null, null, 11, 4, 2, 6, DEFAULT);
INSERT INTO BFAF
VALUES (SEQ_BFAF.NEXTVAL, '테스트 비포에프터 댓글 27', 'USER06', DEFAULT, 
DEFAULT, '테스트27 비포에프터 댓글 내용입니다.', null, null, 11, 5, 2, 7, DEFAULT);
INSERT INTO BFAF
VALUES (SEQ_BFAF.NEXTVAL, '테스트 비포에프터 댓글 28', 'USER07', DEFAULT, 
DEFAULT, '테스트28 비포에프터 댓글 내용입니다.', null, null, 11, 3, 3, 8, DEFAULT);
INSERT INTO BFAF
VALUES (SEQ_BFAF.NEXTVAL, '테스트 비포에프터 댓글 29', 'USER08', DEFAULT, 
DEFAULT, '테스트29 비포에프터 댓글 내용입니다.', null, null, 14, 1, 2, 1, DEFAULT);
INSERT INTO BFAF
VALUES (SEQ_BFAF.NEXTVAL, '테스트 비포에프터 댓글 30', 'USER09', DEFAULT, 
DEFAULT, '테스트30 비포에프터 댓글 내용입니다.', null, null, 14, 1, 3, 2, DEFAULT);
INSERT INTO BFAF
VALUES (SEQ_BFAF.NEXTVAL, '테스트 비포에프터 댓글 31', 'ADMIN', DEFAULT, 
DEFAULT, '테스트31 비포에프터 댓글 내용입니다.', null, null, 14, 2, 2, 3, DEFAULT);
INSERT INTO BFAF
VALUES (SEQ_BFAF.NEXTVAL, '테스트 비포에프터 댓글 32', 'USER01', DEFAULT, 
DEFAULT, '테스트32 비포에프터 댓글 내용입니다.', null, null, 14, 2, 3, 4, DEFAULT);
INSERT INTO BFAF
VALUES (SEQ_BFAF.NEXTVAL, '테스트 비포에프터 댓글 33', 'USER02', DEFAULT, 
DEFAULT, '테스트33 비포에프터 댓글 내용입니다.', null, null, 14, 2, 3, 5, DEFAULT);
INSERT INTO BFAF
VALUES (SEQ_BFAF.NEXTVAL, '테스트 비포에프터 댓글 34', 'USER03', DEFAULT, 
DEFAULT, '테스트34 비포에프터 댓글 내용입니다.', null, null, 14, 2, 3, 6, DEFAULT);
INSERT INTO BFAF
VALUES (SEQ_BFAF.NEXTVAL, '테스트 비포에프터 댓글 35', 'USER04', DEFAULT, 
DEFAULT, '테스트35 비포에프터 댓글 내용입니다.', null, null, 17, 1, 2, 1, DEFAULT);
INSERT INTO BFAF
VALUES (SEQ_BFAF.NEXTVAL, '테스트 비포에프터 댓글 36', 'USER05', DEFAULT, 
DEFAULT, '테스트36 비포에프터 댓글 내용입니다.', null, null, 17, 2, 2, 2, DEFAULT);
INSERT INTO BFAF
VALUES (SEQ_BFAF.NEXTVAL, '테스트 비포에프터 댓글 37', 'USER06', DEFAULT, 
DEFAULT, '테스트37 비포에프터 댓글 내용입니다.', null, null, 17, 3, 2, 3, DEFAULT);
INSERT INTO BFAF
VALUES (SEQ_BFAF.NEXTVAL, '테스트 비포에프터 댓글 38', 'USER07', DEFAULT, 
DEFAULT, '테스트38 비포에프터 댓글 내용입니다.', null, null, 17, 2, 3, 4, DEFAULT);
INSERT INTO BFAF
VALUES (SEQ_BFAF.NEXTVAL, '테스트 비포에프터 댓글 39', 'USER08', DEFAULT, 
DEFAULT, '테스트39 비포에프터 댓글 내용입니다.', null, null, 17, 2, 3, 5, DEFAULT);
INSERT INTO BFAF
VALUES (SEQ_BFAF.NEXTVAL, '테스트 비포에프터 댓글 40', 'USER09', DEFAULT, 
DEFAULT, '테스트40 비포에프터 댓글 내용입니다.', null, null, 17, 4, 2, 6, DEFAULT);


/*다이어리목록 테이블*/
CREATE TABLE DIARY
(
    USER_ID         VARCHAR2(50 BYTE)    NOT NULL,
    DIARY_POST_DATE DATE DEFAULT SYSDATE NOT NULL,
    DIARY_NO        NUMBER(10)           NOT NULL,
    DIARY_CATEGORY  VARCHAR2(10 BYTE)    NOT NULL,
    DIARY_MEMO      VARCHAR2(180 BYTE),
    DIARY_IMAGE     VARCHAR2(180 BYTE),

    CONSTRAINT PK_DIARY_NO PRIMARY KEY (DIARY_NO),
    CONSTRAINT CK_CATEGORY CHECK (DIARY_CATEGORY IN ('eat', 'act', 'body')),
    CONSTRAINT FK_DIARY_USER_ID FOREIGN KEY (USER_ID) REFERENCES MEMBER ON DELETE CASCADE

);

COMMENT ON TABLE DIARY IS '다이어리 목록';
COMMENT ON COLUMN DIARY.USER_ID IS '작성자 아이디';
COMMENT ON COLUMN DIARY.DIARY_POST_DATE IS '작성일시';
COMMENT ON COLUMN DIARY.DIARY_NO IS '다이어리번호';
COMMENT ON COLUMN DIARY.DIARY_CATEGORY IS '카테고리';
COMMENT ON COLUMN DIARY.DIARY_MEMO IS '메모';
COMMENT ON COLUMN DIARY.DIARY_IMAGE IS '이미지파일명';


/*음식 100G당 성분함량표 테이블*/
CREATE TABLE FOOD
(
    FOOD_CODE         VARCHAR2(10 BYTE)       NOT NULL,
    FOOD_NAME         VARCHAR2(300 BYTE)      NOT NULL,
    FOOD_KCAL         NUMBER(10, 5) DEFAULT 0 NOT NULL,
    FOOD_CARBOHYDRATE NUMBER(10, 5) DEFAULT 0 NOT NULL,
    FOOD_PROTEIN      NUMBER(10, 5) DEFAULT 0 NOT NULL,
    FOOD_FAT          NUMBER(10, 5) DEFAULT 0 NOT NULL,
    FOOD_CHOLESTEROL  NUMBER(10, 5) DEFAULT 0 NOT NULL,
    FOOD_ROUGHAGE     NUMBER(10, 5) DEFAULT 0 NOT NULL,
    FOOD_VITAMIN      NUMBER(10, 5) DEFAULT 0 NOT NULL,

    CONSTRAINT PK_FOOD_CODE PRIMARY KEY (FOOD_CODE),
    CONSTRAINT UN_FOOD_NAME UNIQUE (FOOD_NAME)
);

COMMENT ON TABLE FOOD IS '음식 성분함량표';
COMMENT ON COLUMN FOOD.FOOD_CODE IS '음식코드';
COMMENT ON COLUMN FOOD.FOOD_NAME IS '음식이름';
COMMENT ON COLUMN FOOD.FOOD_KCAL IS '열량(kcal)';
COMMENT ON COLUMN FOOD.FOOD_CARBOHYDRATE IS '탄수화물 (g)';
COMMENT ON COLUMN FOOD.FOOD_PROTEIN IS '단백질 (g)';
COMMENT ON COLUMN FOOD.FOOD_FAT IS '지방 (g)';
COMMENT ON COLUMN FOOD.FOOD_CHOLESTEROL IS ' 콜레스테롤 (g)';
COMMENT ON COLUMN FOOD.FOOD_ROUGHAGE IS '식이섬유 (g)';
COMMENT ON COLUMN FOOD.FOOD_VITAMIN IS '비타민C (g)';


/*운동 분당 MET계수표 테이블*/
CREATE TABLE MOVE
(
    MOVE_CODE      VARCHAR2(10 BYTE)  NOT NULL,
    MOVE_NAME      VARCHAR2(200 BYTE) NOT NULL,
    MOVE_MET       NUMBER(3, 1)       NOT NULL,
    MOVE_INTENSITY VARCHAR2(10)       NOT NULL,

    CONSTRAINT PK_MOVE_CODE PRIMARY KEY (MOVE_CODE),
    CONSTRAINT UN_MOVE_NAME UNIQUE (MOVE_NAME)
);

COMMENT ON TABLE MOVE IS '운동MET계수표';
COMMENT ON COLUMN MOVE.MOVE_CODE IS '운동코드';
COMMENT ON COLUMN MOVE.MOVE_NAME IS '운동이름';
COMMENT ON COLUMN MOVE.MOVE_MET IS 'MET';
COMMENT ON COLUMN MOVE.MOVE_INTENSITY IS '운동강도';


/*식단 작성정보(누적) 테이블*/
CREATE TABLE EAT
(
    DIARY_NO         NUMBER(10)             NOT NULL,
    EAT_SEQ          VARCHAR2(10 BYTE),
    FOOD_CODE        VARCHAR2(10 BYTE)      NOT NULL,
    EAT_G            NUMBER(5, 0) DEFAULT 0 NOT NULL,
    EAT_KCAL         NUMBER(5, 0) DEFAULT 0 NOT NULL,
    EAT_CARBOHYDRATE NUMBER(3, 1) DEFAULT 0 NOT NULL,
    EAT_PROTEIN      NUMBER(3, 1) DEFAULT 0 NOT NULL,
    EAT_FAT          NUMBER(3, 1) DEFAULT 0 NOT NULL,

    CONSTRAINT PK_EAT_SEQ PRIMARY KEY (DIARY_NO, EAT_SEQ),
    CONSTRAINT FK_EAT_DIARY_NO FOREIGN KEY (DIARY_NO) REFERENCES DIARY ON DELETE CASCADE,
    CONSTRAINT FK_FOOD_CODE FOREIGN KEY (FOOD_CODE) REFERENCES FOOD ON DELETE CASCADE

);

COMMENT ON TABLE EAT IS '식단정보';
COMMENT ON COLUMN EAT.DIARY_NO IS '다이어리번호';
COMMENT ON COLUMN EAT.EAT_SEQ IS '식단다이어리 순번';
COMMENT ON COLUMN EAT.FOOD_CODE IS '음식코드';
COMMENT ON COLUMN EAT.EAT_G IS '섭취한 양(g)';
COMMENT ON COLUMN EAT.EAT_KCAL IS '섭취칼로리량(kcal)';
COMMENT ON COLUMN EAT.EAT_CARBOHYDRATE IS '섭취한 탄수화물(g)';
COMMENT ON COLUMN EAT.EAT_PROTEIN IS '섭취한 단백질(g)';
COMMENT ON COLUMN EAT.EAT_FAT IS '섭취한지방(g)';


/*운동 작성정보(누적) 테이블*/
CREATE TABLE ACT
(
    DIARY_NO  NUMBER(10)             NOT NULL,
    ACT_SEQ   VARCHAR2(10 BYTE)      NOT NULL,
    MOVE_CODE VARCHAR2(10 BYTE)      NOT NULL,
    ACT_MM    NUMBER(3, 0) DEFAULT 0 NOT NULL,
    ACT_KCAL  NUMBER(5, 0) DEFAULT 0 NOT NULL,

    CONSTRAINT PK_ACT_SEQ PRIMARY KEY (DIARY_NO, ACT_SEQ),
    CONSTRAINT FK_ACT_DIARY_NO FOREIGN KEY (DIARY_NO) REFERENCES DIARY ON DELETE CASCADE,
    CONSTRAINT FK_MOVE_CODE FOREIGN KEY (MOVE_CODE) REFERENCES MOVE ON DELETE CASCADE
);

COMMENT ON TABLE ACT IS '운동정보';
COMMENT ON COLUMN ACT.DIARY_NO IS '다이어리번호';
COMMENT ON COLUMN ACT.ACT_SEQ IS '운동다이어리 순번';
COMMENT ON COLUMN ACT.MOVE_CODE IS '운동코드';
COMMENT ON COLUMN ACT.ACT_MM IS '운동한 시간(m)';
COMMENT ON COLUMN ACT.ACT_KCAL IS '소모칼로리량(kcal)';


/*체형 작성정보(누적) 테이블*/
CREATE TABLE BODY
(
    DIARY_NO       NUMBER(10)             NOT NULL,
    USER_ID        VARCHAR2(50 BYTE)      NOT NULL,
    BODY_POST_DATE DATE         DEFAULT SYSDATE,
    BODY_WEIGHT    NUMBER(5, 2) DEFAULT 0 NOT NULL,
    BODY_FAT       NUMBER(5, 2) DEFAULT 0 NOT NULL,
    BODY_MUSCLE    NUMBER(5, 2) DEFAULT 0 NOT NULL,
    BODY_WAISTLINE NUMBER(5, 2) DEFAULT 0 NOT NULL,
    BODY_BMI       NUMBER(5, 2) DEFAULT 0 NOT NULL,
    BODY_BMR       NUMBER(5, 2) DEFAULT 0 NOT NULL,

    CONSTRAINT PK_BODY_USER_DATE PRIMARY KEY (USER_ID, BODY_POST_DATE),
    CONSTRAINT FK_BODY_USER_ID FOREIGN KEY (USER_ID) REFERENCES MEMBER ON DELETE CASCADE,
    CONSTRAINT FK_BODY_DIARY_NO FOREIGN KEY (DIARY_NO) REFERENCES DIARY ON DELETE CASCADE
);

COMMENT ON TABLE BODY IS '체형 정보';
COMMENT ON COLUMN BODY.DIARY_NO IS '다이어리번호';
COMMENT ON COLUMN BODY.USER_ID IS '작성자아이디';
COMMENT ON COLUMN BODY.BODY_POST_DATE IS '등록날짜';
COMMENT ON COLUMN BODY.BODY_WEIGHT IS '체중(kg)';
COMMENT ON COLUMN BODY.BODY_FAT IS '체지방량(g)';
COMMENT ON COLUMN BODY.BODY_MUSCLE IS '골격근량(g)';
COMMENT ON COLUMN BODY.BODY_WAISTLINE IS '허리둘레(cm)';
COMMENT ON COLUMN BODY.BODY_BMI IS '계산된 BMI';
COMMENT ON COLUMN BODY.BODY_BMR IS '계산된 BMR(kcal)';

/*회원 목표관리 테이블*/
CREATE TABLE GOAL
(
    USER_ID         VARCHAR2(50 BYTE) NOT NULL,
    CREATE_DATE     DATE,
    GOAL_DATE       DATE         DEFAULT SYSDATE,
    ENERGY_DEMAND   NUMBER(2, 0) DEFAULT 30,
    HEIGHT          NUMBER(5, 2),
    CURRENT_WEIGHT  NUMBER(5, 2),
    STANDARD_WEIGHT NUMBER(5, 2),
    TARGET_WEIGHT   NUMBER(5, 2),

    CONSTRAINT PK_GOAL_USER_DATE PRIMARY KEY (USER_ID, CREATE_DATE),
    CONSTRAINT FK_GOAL_USER_ID FOREIGN KEY (USER_ID) REFERENCES MEMBER ON DELETE CASCADE,
    CONSTRAINT CK_ENERGY_DEMAND CHECK (ENERGY_DEMAND IN (20, 25, 30, 35, 40))

);

COMMENT ON TABLE GOAL IS '목표관리 정보';
COMMENT ON COLUMN GOAL.USER_ID IS '작성자 아이디';
COMMENT ON COLUMN GOAL.CREATE_DATE IS '등록날짜(매일)';
COMMENT ON COLUMN GOAL.GOAL_DATE IS '목표 종료일';
COMMENT ON COLUMN GOAL.ENERGY_DEMAND IS '에너지 요구량';
COMMENT ON COLUMN GOAL.HEIGHT IS '키(cm)';
COMMENT ON COLUMN GOAL.CURRENT_WEIGHT IS '현재 체중(kg)';
COMMENT ON COLUMN GOAL.STANDARD_WEIGHT IS '표준 체중(kg)';
COMMENT ON COLUMN GOAL.TARGET_WEIGHT IS '목표체중(kg)';


/*운동보기: 강도별 랜덤추천 목록 테이블*/
CREATE TABLE REC_ACT
(
    REC_ACT_CODE  NUMBER,
    REC_ACT_LEV   NUMBER,
    REC_ACT_TITLE VARCHAR2(100 BYTE),
    REC_ACT_IMAGE VARCHAR2(180 BYTE),
    REC_ACT_LINK  VARCHAR2(180 BYTE),

    CONSTRAINT PK_REC_ACT PRIMARY KEY (REC_ACT_CODE),
    CONSTRAINT CK_REC_ACT_LEV CHECK (REC_ACT_LEV IN (1, 2, 3))

);

COMMENT ON TABLE REC_ACT IS '운동추천정보';
COMMENT ON COLUMN REC_ACT.REC_ACT_CODE IS '코멘트 코드';
COMMENT ON COLUMN REC_ACT.REC_ACT_TITLE IS '코멘트 글';
COMMENT ON COLUMN REC_ACT.REC_ACT_IMAGE IS '이미지파일명';
COMMENT ON COLUMN REC_ACT.REC_ACT_LINK IS '백과사전 링크';


/*운동MET*/
insert INTO move
VALUES ('M000001', '윈드서핑', 5, '중');
insert INTO move
VALUES ('M000002', 'SUP서핑', 6, '고');
insert INTO move
VALUES ('M000003', '108배', 2, '저');
insert INTO move
VALUES ('M000004', '건강증진 비디오 게임 격렬하게(예, 위피트 등)', 7.2, '고');
insert INTO move
VALUES ('M000005', '건강증진 비디오 게임 보통으로', 3.8, '중');
insert INTO move
VALUES ('M000006', '걷기', 4.5, '중');
insert INTO move
VALUES ('M000007', '검도', 6, '고');
insert INTO move
VALUES ('M000008', '게이트볼', 3, '중');
insert INTO move
VALUES ('M000009', '계단내려가기', 3, '중');
insert INTO move
VALUES ('M000010', '계단오르기', 8, '고');
insert INTO move
VALUES ('M000011', '고블릿 스쿼트', 5.5, '중');
insert INTO move
VALUES ('M000012', '고양이자세', 3.5, '중');
insert INTO move
VALUES ('M000013', '고전무용', 6, '고');
insert INTO move
VALUES ('M000014', '고정식자전거(격렬하게)', 10.5, '고');
insert INTO move
VALUES ('M000015', '고정식자전거타기(101~160 Watts)', 8.8, '고');
insert INTO move
VALUES ('M000016', '고정식자전거타기(161~200 Watts)', 11, '고');
insert INTO move
VALUES ('M000017', '고정식자전거타기(201~270 Watts)', 14, '고');
insert INTO move
VALUES ('M000018', '고정식자전거타기(30~50 Watts)', 3.5, '중');
insert INTO move
VALUES ('M000019', '고정식자전거타기(51~89 Watts)', 4.8, '중');
insert INTO move
VALUES ('M000020', '고정식자전거타기(90~100 Watts)', 6.8, '고');
/*영양정보*/
insert INTO food
VALUES ('F000001', '꿩불고기', 73.76, 6.7, 6.7, 1.7, 21.236, 1.96, 0.598);
insert INTO food
VALUES ('F000002', '닭갈비', 148.9025, 11.475, 11.475, 6.45, 48.35, 2.9, 1.385);
insert INTO food
VALUES ('F000003', '닭꼬치', 252.4571, 16.5142, 16.5142, 12.2428, 44.9142, 2.9571, 0);
insert INTO food
VALUES ('F000004', '더덕구이', 184, 3.1, 3.1, 5.2, 0.12, 6.8, 1.34);
insert INTO food
VALUES ('F000005', '도미구이', 158.8, 24.44, 24.44, 6.6, 84.496, 2.36, 0.336);
insert INTO food
VALUES ('F000006', '돼지갈비', 240.32, 19.5, 19.5, 14.4, 49.34, 0.3, 0);
insert INTO food
VALUES ('F000007', '병어구이', 195.2, 21.84, 21.84, 12.32, 79.404, 0.28, 0.564);
insert INTO food
VALUES ('F000008', '불고기', 263.5266, 22.9333, 22.9333, 16.8, 45.9, 0.8, 0);
insert INTO food
VALUES ('F000009', '붕장어소금구이', 296.54, 26, 26, 16.2, 167.07, 1, 0);
insert INTO food
VALUES ('F000010', '소양념갈비구이', 329.7166, 20.0333, 20.0333, 23.8666, 62.21, 2.5, 0.09);
insert INTO food
VALUES ('F000011', '양념왕갈비', 320.54, 18.0666, 18.0666, 23.5333, 39.0133, 0.9333, 0);
insert INTO food
VALUES ('F000012', '양념장어구이', 288.9, 20.5133, 20.5133, 20.3733, 143.4933, 0.8733, 0.1266);
insert INTO food
VALUES ('F000013', '임연수구이', 197.6, 21.52, 21.52, 11.76, 85.044, 0.4, 0.276);
insert INTO food
VALUES ('F000014', '짚불구이곰장어', 163.105, 21.35, 21.35, 8.1, 170.915, 4.25, 0.8);
insert INTO food
VALUES ('F000015', '햄버그스테이크', 228.85, 13.48, 13.48, 14.825, 35.14, 2.835, 1.385);
insert INTO food
VALUES ('F000016', '황태구이', 218.785, 23.9, 23.9, 7.7, 105.79, 1.5, 0);
insert INTO food
VALUES ('F000017', '훈제오리', 318.856, 17.224, 17.224, 25.628, 68.4, 0.544, 19.084);
insert INTO food
VALUES ('F000018', '게국지', 37.75, 4.0818, 4.0818, 1.1, 35.2863, 2.2181, 0);
insert INTO food
VALUES ('F000019', '곰치국', 41.929, 5.43, 5.43, 1.18, 47.647, 1.87, 0.196);
insert INTO food
VALUES ('F000020', '굴국밥', 105.0769, 6.523, 6.523, 2.7384, 79.7492, 0.9384, 0);

/*DIARY*/
insert into DIARY
values ('ADMIN', '2023-03-01', '1', 'eat', 'com.engadget.Zontrax', NULL);
insert into DIARY
values ('ADMIN', '2023-03-02', '2', 'act', 'com.reddit.Aerified', NULL);
insert into DIARY
values ('ADMIN', '2023-03-01', '3', 'body', 'com.netscape.Namfix', NULL);
insert into DIARY
values ('ADMIN', '2023-03-03', '4', 'act', 'com.cdbaby.Konklux', NULL);
insert into DIARY
values ('ADMIN', '2023-03-04', '5', 'act', 'jp.co.yahoo.Tresom', NULL);
insert into DIARY
values ('ADMIN', '2023-03-02', '6', 'body', 'com.elegantthemes.Home Ing', NULL);
insert into DIARY
values ('ADMIN', '2023-03-03', '7', 'body', 'com.foxnews.Duobam', NULL);
insert into DIARY
values ('ADMIN', '2023-03-01', '8', 'eat', 'com.ycombinator.Zoolab', NULL);
insert into DIARY
values ('ADMIN', '2023-03-04', '9', 'body', 'org.gnu.Alphazap', NULL);
insert into DIARY
values ('ADMIN', '2023-03-01', '10', 'eat', 'com.intel.Job', NULL);
insert into DIARY
values ('ADMIN', '2023-03-05', '11', 'body', 'org.gnu.Alphazap', NULL);
insert into DIARY
values ('ADMIN', '2023-03-06', '12', 'body', 'org.gnu.Alphazap', NULL);
insert into DIARY
values ('ADMIN', '2023-03-07', '13', 'body', 'org.gnu.Alphazap', NULL);
insert into DIARY
values ('ADMIN', '2023-03-08', '14', 'body', 'org.gnu.Alphazap', NULL);
insert into DIARY
values ('ADMIN', '2023-03-09', '15', 'body', 'org.gnu.Alphazap', NULL);
insert into DIARY
values ('ADMIN', '2023-03-10', '16', 'body', 'org.gnu.Alphazap', NULL);
insert into DIARY
values ('ADMIN', '2023-03-05', '17', 'act', 'jp.co.yahoo.Tresom', NULL);
insert into DIARY
values ('ADMIN', '2023-03-03', '18', 'eat', 'com.engadget.Zontrax', NULL);
insert into DIARY
values ('ADMIN', '2023-03-03', '19', 'eat', 'com.engadget.Zontrax', NULL);
insert into DIARY
values ('ADMIN', '2023-03-04', '20', 'eat', 'com.engadget.Zontrax', NULL);

/*EAT 16*/
insert into EAT
values ('1', 'E01', 'F000006', 300, 73.76, 6.7, 6.7, 1.7);
insert INTO EAT
VALUES ('1', 'E02', 'F000007', 500, 148.9025, 11.475, 11.475, 6.45);
insert INTO EAT
VALUES ('1', 'E03', 'F000009', 200, 252.4571, 16.5142, 16.5142, 12.2428);
insert INTO EAT
VALUES ('1', 'E04', 'F000010', 300, 184, 3.1, 3.1, 5.2);
insert INTO EAT
VALUES ('8', 'E01', 'F000011', 400, 158.8, 24.44, 24.44, 6.6);
insert INTO EAT
VALUES ('8', 'E02', 'F000012', 500, 240.32, 19.5, 19.5, 14.4);
insert INTO EAT
VALUES ('8', 'E03', 'F000015', 600, 195.2, 21.84, 21.84, 12.32);
insert INTO EAT
VALUES ('8', 'E04', 'F000016', 700, 263.5266, 22.9333, 22.9333, 16.8);
insert INTO EAT
VALUES ('10', 'E01', 'F000017', 800, 296.54, 26, 26, 16.2);
insert INTO EAT
VALUES ('10', 'E02', 'F000020', 900, 329.7166, 20.0333, 20.0333, 23.8666);
insert INTO EAT
VALUES ('18', 'E01', 'F000019', 800, 296.54, 26, 26, 16.2);
insert INTO EAT
VALUES ('18', 'E02', 'F000017', 900, 329.7166, 20.0333, 20.0333, 23.8666);
insert INTO EAT
VALUES ('19', 'E01', 'F000014', 800, 296.54, 26, 26, 16.2);
insert INTO EAT
VALUES ('19', 'E02', 'F000020', 900, 329.7166, 20.0333, 20.0333, 23.8666);
insert INTO EAT
VALUES ('20', 'E01', 'F000011', 800, 296.54, 26, 26, 16.2);
insert INTO EAT
VALUES ('20', 'E02', 'F000004', 900, 329.7166, 20.0333, 20.0333, 23.8666);

/*ACT 13*/
insert INTO ACT
VALUES ('2', 'A01', 'M000001', 8, 100);
insert INTO ACT
VALUES ('2', 'A02', 'M000002', 30, 200);
insert INTO ACT
VALUES ('2', 'A03', 'M000003', 10, 170);
insert INTO ACT
VALUES ('4', 'A01', 'M000006', 15, 300);
insert INTO ACT
VALUES ('4', 'A02', 'M000007', 2, 700);
insert INTO ACT
VALUES ('5', 'A01', 'M000008', 7, 150);
insert INTO ACT
VALUES ('5', 'A02', 'M000009', 30, 300);
insert INTO ACT
VALUES ('5', 'A03', 'M000010', 20, 200);
insert INTO ACT
VALUES ('17', 'A01', 'M000011', 10, 300);
insert INTO ACT
VALUES ('17', 'A02', 'M000012', 15, 600);
insert INTO ACT
VALUES ('18', 'A01', 'M000019', 15, 600);
insert INTO ACT
VALUES ('18', 'A02', 'M000017', 15, 600);
insert INTO ACT
VALUES ('18', 'A03', 'M000003', 15, 600);

/*BODY*/
insert INTO BODY
VALUES ('3', 'ADMIN', '2023-03-01', 45, 1, 8, 5, 18, 100);
insert INTO BODY
VALUES ('6', 'ADMIN', '2023-03-02', 49, 2, 30, 6, 19, 200);
insert INTO BODY
VALUES ('7', 'ADMIN', '2023-03-03', 53, 3, 10, 2, 20, 170);
insert INTO BODY
VALUES ('9', 'ADMIN', '2023-03-04', 57, 6, 15, 4.5, 21, 300);
insert INTO BODY
VALUES ('11', 'ADMIN', '2023-03-05', 61, 7, 2, 6, 22, 700);
insert INTO BODY
VALUES ('12', 'ADMIN', '2023-03-06', 65, 8, 7, 3, 23, 150);
insert INTO BODY
VALUES ('13', 'ADMIN', '2023-03-07', 69, 9, 30, 3, 24, 300);
insert INTO BODY
VALUES ('14', 'ADMIN', '2023-03-08', 77, 10, 20, 8, 25, 200);
insert INTO BODY
VALUES ('15', 'ADMIN', '2023-03-09', 83, 11, 10, 5.5, 26, 300);
insert INTO BODY
VALUES ('16', 'ADMIN', '2023-03-10', 88, 12, 15, 3.5, 27, 600);

/*REC_ACT 9*/
INSERT INTO REC_ACT
VALUES (1, 1, '걷기','rec_act_1.jpg', 'rec_act_1.com');
INSERT INTO REC_ACT
VALUES (2, 1, '계단 내려가기', 'rec_act_2.jpg', 'rec_act_2.com');
INSERT INTO REC_ACT
VALUES (3, 1, '조깅하기', 'rec_act_3.jpg', 'rec_act_3.com');
INSERT INTO REC_ACT
VALUES (4, 2, '앉았다 일어나기', 'rec_act_4.jpg', 'rec_act_4.com');
INSERT INTO REC_ACT
VALUES (5, 2, '줄넘기', 'rec_act_5.jpg', 'rec_act_5.com');
INSERT INTO REC_ACT
VALUES (6, 2, '자전거타기', 'rec_act_6.jpg', 'rec_act_6.com');
INSERT INTO REC_ACT
VALUES (7, 3, '팔굽혀펴기', 'rec_act_7.jpg', 'rec_act_7.com');
INSERT INTO REC_ACT
VALUES (8, 3, '뜀뛰기', 'rec_act_8.jpg', 'rec_act_8.com');
INSERT INTO REC_ACT
VALUES (9, 3, '스쿼트', 'rec_act_9.jpg', 'rec_act_9.com');

/*GOAL*/
insert into GOAL
values ('ADMIN', '2023-03-01', '2023-03-29', 30, 140.2, 48.9, 42.1, 40.8);
insert into GOAL
values ('ADMIN', '2023-03-04', '2023-03-29', 30, 177.6, 83.7, 69.3, 72.5);
insert into GOAL
values ('ADMIN', '2023-03-05', '2023-03-29', 30, 168.1, 67.2, 56.6, 56.2);
insert into GOAL
values ('ADMIN', '2023-03-06', '2023-03-29', 30, 181.5, 94.9, 74.2, 75.4);
insert into GOAL
values ('ADMIN', '2023-03-07', '2023-03-29', 30, 153.9, 59.2, 51.9, 49.3);
insert into GOAL
values ('ADMIN', '2023-03-08', '2023-03-29', 30, 147.8, 57.5, 47.3, 45.5);
insert into GOAL
values ('ADMIN', '2023-03-09', '2023-03-29', 30, 158.2, 83.6, 54.8, 58.8);
insert into GOAL
values ('ADMIN', '2023-03-10', '2023-04-05', 30, 145.6, 62.1, 45.2, 47.6);
insert into GOAL
values ('ADMIN', '2023-03-11', '2023-04-05', 30, 173.3, 84.3, 67.1, 60.3);
insert into GOAL
values ('ADMIN', '2023-03-12', '2023-04-05', 30, 170.5, 78.7, 65.3, 66.6);

commit;